3/05/2010,36.9409,69,5.7,45.067
4/05/2010,36.0624,67.06,5.88,44.7406
5/05/2010,36.2026,68.28,5.73,44.2066
6/05/2010,35.1373,65.69,5.7,43.544
7/05/2010,35.0438,64.98,5.6,42.6045
10/05/2010,36.4456,68.8,5.64,42.9803
11/05/2010,35.6326,67.1,5.58,42.2089
12/05/2010,35.6512,67.02,5.6,42.9902
13/05/2010,36.2774,68.29,5.69,44.3154
14/05/2010,36.1091,68,5.66,44.3055
17/05/2010,34.4738,64.15,5.4,42.7726
18/05/2010,34.8008,63.86,5.42,42.5946
19/05/2010,34.5485,62.88,5.31,41.7836
20/05/2010,34.3429,62.25,5.25,41.1309
21/05/2010,34.3616,61.8,5.3,40.9232
24/05/2010,35.3242,64.15,5.51,42.3572
25/05/2010,33.9037,61.7,5.25,40.9134
26/05/2010,34.8195,63.95,5.42,41.6353
27/05/2010,36.3054,67.03,5.54,42.1595
28/05/2010,36.4175,68.2,5.56,42.9803
31/05/2010,35.7353,67.14,5.55,42.4759
1/06/2010,35.6886,66.88,5.61,43.1089
2/06/2010,35.3522,66.76,5.51,42.9506
3/06/2010,36.2026,69.05,5.69,43.7121
4/06/2010,35.3896,67.59,5.66,43.5044
7/06/2010,34.1467,65.55,5.46,42.2979
8/06/2010,34.5953,66.75,5.62,42.6243
9/06/2010,34.6887,66.38,5.61,42.3968
10/06/2010,35.156,67.87,5.81,43.4253
11/06/2010,36.0531,69.1,5.89,44.7209
15/06/2010,35.8755,69.42,5.91,44.167
16/06/2010,36.6605,71.34,5.96,44.4835
17/06/2010,36.2774,70.07,5.89,44.1769
18/06/2010,36.5671,70.85,5.86,44.2165
21/06/2010,37.296,72.34,5.93,45.1461
22/06/2010,37.0623,72.11,5.85,44.8
23/06/2010,36.5764,70.54,5.72,44.1572
24/06/2010,37.053,71.73,5.71,44.0681
25/06/2010,36.2587,69.6,5.7,42.8023
28/06/2010,35.969,68.6,5.72,42.8023
29/06/2010,35.6045,68.42,5.59,42.1001
30/06/2010,35.184,66.66,5.53,41.3782
1/07/2010,34.6794,65.1,5.43,41.5661
2/07/2010,34.6607,65.3,5.37,40.5474
5/07/2010,34.5579,65.25,5.49,40.4288
6/07/2010,34.7167,65.1,5.66,41.1903
7/07/2010,34.9784,65.84,5.56,40.8441
8/07/2010,35.6606,67.05,5.66,41.6254
9/07/2010,35.9129,68.1,5.79,42.0606
12/07/2010,36.0811,68.77,5.85,42.1001
13/07/2010,35.156,66.55,5.76,41.8529
14/07/2010,35.8849,67.38,5.83,42.5254
15/07/2010,35.6326,66.61,5.88,42.377
16/07/2010,35.6512,65.78,5.87,42.0704
19/07/2010,35.2774,65.03,5.77,41.2892
20/07/2010,35.7914,66.5,5.79,41.3089
21/07/2010,36.2119,67.8,5.79,40.5969
22/07/2010,36.3334,68.23,5.8,40.5474
23/07/2010,37.081,69.86,5.9,41.4573
26/07/2010,37.2119,70.25,5.84,41.665
27/07/2010,37.1464,70.09,5.93,41.4968
28/07/2010,37.567,71.04,5.97,41.6946
29/07/2010,37.8099,71.5,5.88,41.2595
30/07/2010,37.4922,70.61,5.84,41.1408
2/08/2010,37.6604,71.15,5.95,41.2892
3/08/2010,38.2959,73,6,41.4375
4/08/2010,38.0155,72.84,5.93,41.7144
5/08/2010,38.1651,73.01,5.97,42.0309
6/08/2010,38.4361,73.2,5.95,41.843
9/08/2010,38.8285,74,5.95,41.9715
10/08/2010,38.0623,72.6,5.87,40.9925
11/08/2010,37.3614,71.09,5.83,40.4782
12/08/2010,37.0437,69.82,5.77,40.2013
13/08/2010,37.7539,71.43,5.84,41.0518
16/08/2010,37.3801,70.82,5.88,42.6243
17/08/2010,37.567,71.44,5.86,42.5748
18/08/2010,35.9036,73.45,5.88,42.8221
19/08/2010,35.7914,73.18,5.97,42.9506
20/08/2010,35.4176,71.58,5.88,42.7429
23/08/2010,35.6139,72.2,5.87,42.7232
24/08/2010,35.0812,71.07,5.79,42.6539
25/08/2010,34.9877,69.45,5.71,41.8034
26/08/2010,34.941,69.6,5.7,41.9913
27/08/2010,34.8569,69.3,5.73,41.6353
30/08/2010,35.3896,71.01,5.92,41.9814
31/08/2010,34.6233,70.09,5.9,41.4078
1/09/2010,35.427,72.24,5.94,42.4265
2/09/2010,35.8101,73.12,5.95,42.7528
3/09/2010,35.8195,73.79,5.95,42.9012
6/09/2010,36.025,75,5.97,42.921
7/09/2010,35.9222,74.35,5.94,42.8418
8/09/2010,35.427,73.44,5.9,42.2287
9/09/2010,35.6793,73.9,5.96,42.4462
10/09/2010,35.4737,74.25,5.91,42.0606
13/09/2010,36.0344,75.3,6.13,42.4957
14/09/2010,36.4923,75.15,6.09,42.4265
15/09/2010,36.8568,75.3,6.09,43.2176
16/09/2010,36.2119,73.79,6.02,43.1484
17/09/2010,36.3521,75.53,6.05,43.2869
20/09/2010,36.24,74.98,5.97,43.1187
21/09/2010,36.1839,75.23,6.06,43.2671
22/09/2010,36.3521,74.9,6.13,43.5044
23/09/2010,36.6512,76.04,6.17,43.9495
24/09/2010,36.483,75.6,6.11,43.989
27/09/2010,37.0623,77.15,6.2,44.3352
28/09/2010,36.8474,77,6.14,44.3055
29/09/2010,36.7913,77.26,6.13,43.9495
30/09/2010,36.3615,76.77,6.15,43.3957
1/10/2010,36.8754,77.07,6.23,43.811
4/10/2010,37.3801,78.08,6.27,44.4736
5/10/2010,36.9128,77,6.16,43.989
6/10/2010,37.8754,78.99,6.15,44.3055
7/10/2010,38.2678,79.54,6.28,44.1473
8/10/2010,38.3146,79.55,6.27,43.9396
11/10/2010,38.7351,80.09,6.25,44.444
12/10/2010,38.0716,77.87,6.2,43.5539
13/10/2010,38.1464,78.62,6.23,43.2374
14/10/2010,38.9313,82.08,6.4,43.9
15/10/2010,38.922,83.2,6.39,43.8407
18/10/2010,38.4828,82.98,6.33,43.455
19/10/2010,38.4641,82.6,6.33,43.8605
20/10/2010,38.2024,81.21,6.28,43.6627
21/10/2010,38.5202,81.75,6.25,43.6726
22/10/2010,38.8753,82.05,6.39,43.0198
25/10/2010,39.0061,84.1,6.52,43.455
26/10/2010,39.0902,84.06,6.49,43.3462
27/10/2010,38.7725,82.35,6.39,43.3165
28/10/2010,39.2397,83.79,6.43,43.6429
29/10/2010,39.1743,82.69,6.38,43.0198
1/11/2010,39.5294,82.99,6.46,43.3066
2/11/2010,39.5014,82.71,6.54,43.1187
3/11/2010,39.8378,83.39,6.49,43.5934
4/11/2010,40.8564,83.2,6.68,44.3945
5/11/2010,42.3049,87.2,6.82,45.245
8/11/2010,42.2021,87.4,6.94,45.3538
9/11/2010,41.7162,87.04,6.64,42.5155
10/11/2010,41.2489,86.2,6.58,41.754
11/11/2010,41.6694,87.36,6.57,42.2682
12/11/2010,41.3984,86.86,6.52,42.6045
15/11/2010,41.2489,87.04,6.61,42.021
16/11/2010,41.5386,86.44,6.71,41.6946
17/11/2010,40.6228,83.69,6.52,40.498
18/11/2010,40.9312,84.4,6.67,40.5277
19/11/2010,40.7536,84.3,6.62,40.5573
22/11/2010,41.0059,84.72,6.62,40.9529
23/11/2010,40.3144,83.53,6.53,40.1123
24/11/2010,40.1369,82.49,6.57,40.32
25/11/2010,40.2677,83.05,6.64,40.2013
26/11/2010,40.3705,84.04,6.7,40.498
29/11/2010,40.4079,83.84,6.73,41.2496
30/11/2010,39.9406,82.21,6.83,41.487
1/12/2010,40.3705,83.1,6.83,40.8342
2/12/2010,41.4265,85.01,7,41.5859
3/12/2010,41.6694,86.42,7,41.7441
6/12/2010,41.6134,86,7.06,42.2089
7/12/2010,42.1273,87.34,7.01,42.4265
8/12/2010,41.9218,87.51,7,42.2583
9/12/2010,42.4638,87.94,7,42.4759
10/12/2010,42.4638,87.36,7.01,42.5254
13/12/2010,42.4638,87.77,6.99,42.2781
14/12/2010,42.66,87.9,6.93,42.8814
15/12/2010,42.3797,87.02,7.02,42.8023
16/12/2010,42.4077,87,7,42.921
17/12/2010,42.0806,85.65,7,42.6935
20/12/2010,41.8844,85.45,7.03,42.4067
21/12/2010,42.4451,86.7,7.05,42.3474
22/12/2010,42.8189,86.78,7.06,42.3078
23/12/2010,43.4263,87.2,7.12,42.3869
24/12/2010,43.0245,86.36,7.13,42.4364
29/12/2010,42.4731,85.48,7.11,42.3276
30/12/2010,42.8469,85.7,7.1,42.3276
31/12/2010,42.2862,85.47,7.04,42.0902
4/01/2011,42.4731,85.8,7.02,42.3572
5/01/2011,42.0619,85.07,6.88,41.9122
6/01/2011,42.1834,86.04,6.95,42.5056
7/01/2011,41.6975,84.48,7,42.3078
10/01/2011,41.5386,84.36,7,42.5155
11/01/2011,41.6881,84.12,7,42.7232
12/01/2011,42.2395,85.19,7,43.099
13/01/2011,43.0338,87.05,6.91,43.1682
14/01/2011,42.8469,87.53,6.88,42.9111
17/01/2011,42.3329,85.88,6.91,42.4957
18/01/2011,42.632,86.8,7.01,42.6243
19/01/2011,43.0338,87.62,6.95,42.8221
20/01/2011,42.2301,85.57,6.89,42.2979
21/01/2011,41.7816,84.38,6.78,42.0309
24/01/2011,41.9778,85.11,6.77,42.0507
25/01/2011,42.0993,85.51,6.75,42.1496
27/01/2011,42.2114,86.04,6.77,42.1397
28/01/2011,41.7629,85.82,6.64,41.665
31/01/2011,41.3517,84.05,6.66,41.1804
1/02/2011,41.6975,84.11,6.65,41.5364
2/02/2011,42.7067,85.82,6.75,42.0309
3/02/2011,43.2861,86.2,6.66,41.9419
4/02/2011,43.6132,86.4,6.6,42.1595
7/02/2011,43.5011,85.86,6.63,42.0803
8/02/2011,43.9029,87.32,6.65,41.8924
9/02/2011,43.6786,88.38,6.67,41.7935
10/02/2011,43.6973,88.68,6.85,42.0111
11/02/2011,43.3422,87.28,6.81,41.7935
14/02/2011,44.1832,88.5,6.88,42.0902
15/02/2011,44.258,88.14,6.85,42.1298
16/02/2011,43.5384,88.16,6.87,41.9814
17/02/2011,43.5852,87.65,6.98,42.0309
18/02/2011,43.5104,87.61,7.04,42.2682
21/02/2011,42.8469,86.14,7.04,42.11
22/02/2011,43.5291,85.1,7.01,42.1693
23/02/2011,43.5197,84.96,6.94,42.0111
24/02/2011,42.9777,84.25,6.95,41.3881
25/02/2011,42.9404,83.93,6.87,41.4573
28/02/2011,43.0899,84.93,6.98,42.11
1/03/2011,43.3328,85.31,6.96,42.1001
2/03/2011,43.0338,84.12,6.86,42.1595
3/03/2011,43.5011,84.2,6.9,42.7034
4/03/2011,44.1552,85.52,6.86,42.377
7/03/2011,43.2861,84.15,6.76,41.9518
8/03/2011,43.5384,83.91,6.8,42.2287
9/03/2011,42.9871,82.38,6.71,41.7738
10/03/2011,41.7068,80.42,6.56,41.7342
11/03/2011,41.2956,78.8,6.62,41.3386
14/03/2011,41.2022,79.15,6.62,41.7342
15/03/2011,40.1555,77.41,6.57,41.121
16/03/2011,40.7162,78.94,6.6,41.487
17/03/2011,40.8377,79.2,6.76,42.377
18/03/2011,41.6414,80.5,6.99,43.9198
21/03/2011,41.5853,81,6.98,44.7011
22/03/2011,41.305,80.55,6.95,44.1572
23/03/2011,41.305,80.68,7.01,44.4835
24/03/2011,41.7816,81.6,7.05,45.0571
25/03/2011,41.8283,82.02,7.22,46.2043
28/03/2011,41.5386,81.83,7.14,46.5801
29/03/2011,41.7722,82.28,7.12,47.0746
30/03/2011,42.6226,84.28,7.15,47.2229
31/03/2011,43.5104,84.75,7.12,46.2834
1/04/2011,43.6225,84.85,7.13,46.8768
4/04/2011,43.8094,85.5,7.27,47.1834
5/04/2011,44.4356,86.16,7.27,46.6197
6/04/2011,44.8094,86.1,7.21,46.4812
7/04/2011,44.557,86,7.28,46.4318
8/04/2011,44.6318,86.25,7.39,46.7383
11/04/2011,46.3046,88.3,7.6,47.6284
12/04/2011,45.6878,87,7.45,46.3131
13/04/2011,45.3981,85.71,7.31,46.1054
14/04/2011,44.8654,85.12,7.28,46.2636
15/04/2011,44.4169,84.15,7.25,46.1054
18/04/2011,44.3795,84,7.22,46.2538
19/04/2011,43.6132,82.1,7.07,45.5417
20/04/2011,44.1365,83.12,7.13,46.0856
21/04/2011,44.2206,84.1,7.36,47.3317
27/04/2011,43.4076,83.45,7.19,46.7977
28/04/2011,43.2581,83.37,7.25,47.124
29/04/2011,42.8282,82.21,7.05,46.2834
2/05/2011,43.1273,82.72,7.06,45.8186
3/05/2011,42.5198,82.11,6.97,45.3439
4/05/2011,42.1928,80.88,6.97,44.2066
5/05/2011,42.4638,81.09,6.97,45.0472
6/05/2011,41.6601,79.57,7,44.8099
9/05/2011,41.819,80.01,6.98,45.3439
10/05/2011,41.6134,79.65,6.96,45.3142
11/05/2011,42.3329,81.45,7.12,45.69
12/05/2011,41.2396,79.79,6.92,44.533
13/05/2011,41.4171,80.15,6.84,44.5725
16/05/2011,40.6695,79.06,6.78,43.9791
17/05/2011,41.2583,80.25,6.74,44.1967
18/05/2011,41.3891,80.06,6.87,43.9791
19/05/2011,41.8844,81.1,7.03,44.8989
20/05/2011,41.1648,80.2,7.08,45.2153
23/05/2011,40.4546,78.99,6.92,44.7308
24/05/2011,40.4079,79.01,6.99,44.7505
25/05/2011,40.1555,78.72,6.93,44.3055
26/05/2011,41.034,80.25,6.97,45.1263
27/05/2011,41.2302,80.7,7,45.4428
30/05/2011,41.034,80.6,6.96,45.4626
31/05/2011,41.4545,81.5,6.92,46.1153
1/06/2011,41.6134,81.55,6.84,46.1944
2/06/2011,40.6976,80.1,6.68,45.3538
3/06/2011,40.3985,79.76,6.63,45.1956
6/06/2011,40.1836,79.35,6.67,45.0868
7/06/2011,40.1462,79.29,6.64,44.5527
8/06/2011,39.9873,79.6,6.59,43.3957
9/06/2011,40.1369,79.79,6.62,43.2275
10/06/2011,40.3238,80.2,6.81,43.0693
14/06/2011,40.2303,80.21,6.83,43.0495
15/06/2011,40.0808,80.08,6.82,42.8616
16/06/2011,39.2491,78.4,6.73,41.9419
17/06/2011,39.2024,77.82,6.65,40.3496
20/06/2011,38.651,77.3,6.56,39.4695
21/06/2011,39.2491,78.64,6.6,40.4485
22/06/2011,39.6789,79.79,6.63,40.6364
23/06/2011,39.2865,80,6.45,39.9541
24/06/2011,39.5668,80.4,6.41,39.7563
27/06/2011,39.436,79.8,6.37,39.5189
28/06/2011,39.5948,80.35,6.31,39.2025
29/06/2011,40.3238,81.53,6.5,40.1716
30/06/2011,40.9312,82.99,6.65,40.5474
1/07/2011,40.9031,82.83,6.58,40.4485
4/07/2011,41.1368,83.15,6.65,40.5672
5/07/2011,41.333,83.32,6.65,40.3793
6/07/2011,41.5386,83.6,6.62,40.4683
7/07/2011,41.5106,83.55,6.68,40.4485
8/07/2011,42.0059,84.35,6.71,40.7452
11/07/2011,41.3984,83.2,6.66,39.6969
12/07/2011,40.6134,81.43,6.54,39.3409
13/07/2011,40.7723,80.95,6.58,39.5881
14/07/2011,40.7443,80.95,6.61,39.598
15/07/2011,40.0808,81.36,6.58,38.7376
18/07/2011,40.0434,81.6,6.69,37.8278
19/07/2011,39.8285,81.33,6.73,38.4904
20/07/2011,40.5948,82.55,6.79,39.2519
21/07/2011,40.7256,82.34,6.84,39.509
22/07/2011,40.5854,82.5,6.9,39.3607
25/07/2011,40.2396,82.06,6.73,38.4212
26/07/2011,40.6695,82.99,6.91,39.0442
27/07/2011,40.1836,82.59,6.94,39.1134
28/07/2011,39.2771,81.2,6.84,38.4904
29/07/2011,38.7071,80,6.83,37.9267
1/08/2011,39.5294,81.52,6.96,38.4706
2/08/2011,38.8472,80.05,6.8,37.8179
3/08/2011,37.5202,77.6,6.65,36.8092
4/08/2011,37.4361,76.58,6.56,36.0971
5/08/2011,35.6232,72,6.26,34.1686
8/08/2011,34.2028,68.63,6.08,33.4368
9/08/2011,34.6233,69.74,6.12,34.4258
10/08/2011,35.8849,72.35,6.27,35.929
11/08/2011,35.4457,70.41,6.23,36.5817
12/08/2011,35.7073,71.52,6.27,36.641
15/08/2011,37.2399,74.52,6.45,37.9267
16/08/2011,36.8474,73.39,6.41,36.9081
17/08/2011,37.2119,74.42,6.48,37.3432
18/08/2011,36.539,73.34,6.33,36.463
19/08/2011,35.0438,69.42,6,35.0488
22/08/2011,35.0719,68.58,6,34.1489
23/08/2011,35.7073,70.1,6.04,34.7323
24/08/2011,35.7073,68.93,6.04,34.3862
25/08/2011,36.0811,69.73,6.21,35.3554
26/08/2011,36.1091,69.15,6.28,35.0093
29/08/2011,36.5857,70.61,6.42,35.484
30/08/2011,36.7726,71.79,6.42,34.94
31/08/2011,37.1371,72.52,6.32,34.7917
1/09/2011,37.2586,73.08,6.37,34.7126
2/09/2011,36.483,72.05,6.25,34.5346
5/09/2011,35.2307,69.79,6.02,33.4764
6/09/2011,34.4644,68.41,5.86,33.3874
7/09/2011,35.726,70.6,6.02,33.5456
8/09/2011,35.6699,71.3,6.14,33.5456
9/09/2011,35.427,71.25,6.09,33.6445
12/09/2011,34.0626,68.2,5.84,32.2105
13/09/2011,34.8476,68.9,6.05,32.7742
14/09/2011,34.4831,68.35,5.83,31.894
15/09/2011,35.1653,69.38,5.95,32.8434
16/09/2011,35.726,71.27,6.1,33.8719
19/09/2011,35.1373,70.2,5.95,33.0313
20/09/2011,34.3897,68.9,5.99,32.9819
21/09/2011,34.6981,69.59,6,33.3082
22/09/2011,33.2963,65.1,5.76,32.1709
23/09/2011,32.287,62.65,5.6,31.0237
26/09/2011,31.7263,60.2,5.5,29.4711
27/09/2011,33.0346,63.42,5.7,30.5194
28/09/2011,33.1935,64.05,5.67,31.5874
29/09/2011,32.7449,62.45,5.62,31.7852
30/09/2011,32.7263,61.8,5.66,32.1215
3/10/2011,31.9132,59.3,5.5,31.271
4/10/2011,31.6422,59,5.47,31.1622
5/10/2011,32.829,60.3,5.67,32.438
6/10/2011,33.9224,63.28,5.8,33.961
7/10/2011,34.7635,66.4,5.93,34.6928
10/10/2011,34.67,67.4,5.95,35.1576
11/10/2011,34.941,68,6.06,35.1972
12/10/2011,34.6513,67.46,5.95,34.9697
13/10/2011,35.1746,69.34,5.98,35.1082
14/10/2011,34.4457,68.3,5.97,34.6433
17/10/2011,35.184,69.95,6.02,34.9796
18/10/2011,34.0159,66.25,5.97,34.5939
19/10/2011,34.0159,65.08,5.95,34.673
20/10/2011,33.1561,62.85,5.81,33.2291
21/10/2011,33.3617,62.57,5.88,33.0116
24/10/2011,34.4364,65.63,6.02,34.2082
25/10/2011,34.7354,66.63,6.05,34.0994
26/10/2011,34.5205,66.74,6.18,34.4455
27/10/2011,35.8381,69.7,6.42,35.4048
28/10/2011,36.1559,70.22,6.47,35.6026
31/10/2011,35.3242,69.21,6.56,36.1565
1/11/2011,34.3616,67.15,6.5,35.7708
2/11/2011,34.156,66.4,6.4,35.9685
3/11/2011,34.1467,66.45,6.38,35.8004
4/11/2011,35.4643,69.97,6.43,36.2652
7/11/2011,35.2307,68.8,6.38,35.7015
8/11/2011,35.2774,69.77,6.39,35.8004
9/11/2011,35.8195,70.75,6.56,36.2949
10/11/2011,35.0251,68.88,6.33,35.3554
11/11/2011,35.3242,69.39,6.4,35.8795
14/11/2011,35.0438,68.62,6.38,36.196
15/11/2011,34.4644,67.83,6.31,36.196
16/11/2011,34.2495,67.65,6.28,35.1082
17/11/2011,34.6139,68.07,6.34,34.8411
18/11/2011,33.7636,67.05,6.21,34.5642
21/11/2011,33.5486,65.9,6.12,34.94
22/11/2011,33.2683,64.5,6.13,34.762
23/11/2011,32.2497,62.3,6.03,34.9994
24/11/2011,32.2683,62.41,6.03,35.029
25/11/2011,31.8198,61.95,5.9,32.9918
28/11/2011,32.5674,63.27,6.09,32.2402
29/11/2011,32.6889,63.5,6.11,32.9819
30/11/2011,32.6328,62.95,6.28,32.438
1/12/2011,33.9691,65.92,6.38,33.15
2/12/2011,34.2495,66.32,6.52,33.2885
5/12/2011,34.8195,67,6.55,33.8126
6/12/2011,34.3056,65.55,6.48,33.1104
7/12/2011,34.5953,66.25,6.5,33.2885
8/12/2011,34.5672,66.09,6.48,32.5368
9/12/2011,33.5112,63.74,6.36,31.538
12/12/2011,34.1374,64.13,6.46,32.0127
13/12/2011,33.4739,62.76,6.37,31.182
14/12/2011,33.3617,63.16,6.4,31.2809
15/12/2011,32.7636,61.4,6.25,30.7567
16/12/2011,32.8851,61.8,6.35,30.9545
19/12/2011,32.0721,60.2,6.12,29.9062
20/12/2011,31.8852,60.22,6.04,29.9952
21/12/2011,32.829,61.73,6.27,30.3611
22/12/2011,32.3805,60.65,6.31,30.7567
23/12/2011,32.8477,61.84,6.37,31.182
28/12/2011,32.3057,60.52,6.31,30.8853
29/12/2011,32.2403,60.3,6.26,30.6479
30/12/2011,32.1656,60.3,6.25,30.282
3/01/2012,32.5207,61.4,6.31,30.3512
4/01/2012,33.8477,63.15,6.41,31.0534
5/01/2012,33.4739,62.85,6.37,30.7765
6/01/2012,32.9318,62.52,6.39,30.6974
9/01/2012,32.8945,62.15,6.38,30.6282
10/01/2012,33.3243,63.2,6.45,31.0732
11/01/2012,33.8103,64.19,6.55,32.0621
12/01/2012,33.9878,64.73,6.57,32.0127
13/01/2012,34.2028,65.21,6.58,32.4874
16/01/2012,33.6234,64.89,6.45,32.6456
17/01/2012,34.2962,65.7,6.54,33.2786
18/01/2012,34.5766,66.6,6.48,33.7335
19/01/2012,34.8943,66.75,6.55,33.1104
20/01/2012,35.0251,67.53,6.64,33.6148
23/01/2012,34.8008,67.89,6.66,33.328
24/01/2012,34.6513,68.35,6.84,33.5753
25/01/2012,34.9691,68.35,6.87,33.595
27/01/2012,35.1933,69.78,6.59,34.0994
30/01/2012,35.2027,69,6.51,33.9807
31/01/2012,35.0251,69.16,6.6,33.8324
1/02/2012,34.4925,68.74,6.56,33.6247
2/02/2012,35.156,70.72,6.51,33.7731
3/02/2012,35.1373,70.5,6.54,33.7137
6/02/2012,35.7073,72.3,6.47,34.0302
7/02/2012,35.4176,71.01,6.47,34.0302
8/02/2012,35.2774,71.76,6.52,34.8312
9/02/2012,34.7261,71.6,6.53,35.1873
10/02/2012,33.9224,69.98,6.52,35.0093
13/02/2012,34.2588,70.43,6.6,35.1873
14/02/2012,33.8009,69.28,6.5,34.7818
15/02/2012,33.7355,68.87,6.48,34.8411
16/02/2012,32.9879,67.28,6.39,34.4653
17/02/2012,32.8945,66.57,6.47,34.5444
20/02/2012,33.6608,68.04,6.55,35.118
21/02/2012,34.0532,69.16,6.72,35.5532
22/02/2012,34.0252,68.53,6.96,36.4531
23/02/2012,33.857,67.51,7.07,37.6597
24/02/2012,34.1467,68.09,7.03,37.4421
27/02/2012,33.4739,67.4,6.95,36.7498
28/02/2012,33.4084,67.7,6.97,36.4927
29/02/2012,33.7355,67.45,6.96,36.8289
1/03/2012,33.2215,66.25,7.14,36.0477
2/03/2012,33.3524,65.93,7.3,35.8993
5/03/2012,33.072,65.09,7.25,35.6323
6/03/2012,32.3151,63.62,7.09,34.6532
7/03/2012,31.8198,62.42,6.92,34.6532
8/03/2012,32.0534,62.66,7.08,35.3059
9/03/2012,32.4366,64.13,7.15,35.8993
12/03/2012,32.4366,63.74,7.04,35.4642
13/03/2012,32.8477,64.35,6.99,35.5037
14/03/2012,33.2776,65.3,7.14,35.1972
15/03/2012,32.8758,64.93,7,34.9895
16/03/2012,32.6795,65.12,6.94,34.8115
19/03/2012,33.0346,65.85,6.96,34.584
20/03/2012,32.9973,65.61,6.97,34.9301
21/03/2012,32.4272,65.34,6.92,34.5148
22/03/2012,32.5207,64.67,6.88,34.5049
23/03/2012,32.1469,63.7,6.89,34.9796
26/03/2012,31.9506,63.75,6.96,34.7422
27/03/2012,32.1749,64.1,7.01,34.9005
28/03/2012,32.3431,64.53,7.06,35.3752
29/03/2012,32.0067,64.36,6.91,34.9104
30/03/2012,32.3431,65.4,6.97,34.4258
2/04/2012,32.8197,66.19,7.04,34.9697
3/04/2012,32.8758,66.79,7.06,34.8906
4/04/2012,32.4646,66.39,6.92,34.6137
5/04/2012,32.1842,65.29,7.01,34.7917
10/04/2012,32.0067,64.85,6.89,34.3071
11/04/2012,31.3899,63.52,6.91,33.6643
12/04/2012,31.6796,64.46,6.95,33.8423
13/04/2012,32.2123,65.95,6.95,34.3763
16/04/2012,32.0628,65.19,6.96,33.8225
17/04/2012,31.9132,64.7,6.91,33.6049
18/04/2012,32.801,66.5,6.97,34.1686
19/04/2012,33.1748,66.6,6.99,34.6532
20/04/2012,33.1748,66.63,7.39,34.6433
23/04/2012,33.0066,66.65,7.39,34.5741
24/04/2012,32.7823,65.6,7.47,34.2478
26/04/2012,32.801,66.16,7.52,34.1884
27/04/2012,32.6048,65.43,7.39,34.05
30/04/2012,33.2215,66.35,7.35,34.5346
1/05/2012,33.614,65.79,7.43,35.8004
2/05/2012,33.8757,66.41,7.4,36.2553
3/05/2012,33.8757,65.65,7.39,35.8004
4/05/2012,33.6701,64.91,7.31,35.0093
7/05/2012,32.3057,62,7.12,34.1192
8/05/2012,32.4085,62.26,7.14,34.0203
9/05/2012,32.0814,61.23,6.96,32.6852
10/05/2012,32.3525,61.94,7,33.0313
11/05/2012,32.1188,61.07,7,33.1203
14/05/2012,32.2029,61,6.97,33.1203
15/05/2012,31.6422,60.31,6.83,32.438
16/05/2012,30.362,57.99,6.71,31.3699
17/05/2012,30.6236,58.16,6.75,31.3897
18/05/2012,29.3994,55.2,6.59,30.6479
21/05/2012,29.9975,55.95,6.72,30.6479
22/05/2012,30.2031,56.89,6.87,30.9644
23/05/2012,29.8386,56.28,6.83,30.5688
24/05/2012,29.8947,56.36,6.8,30.7666
25/05/2012,29.5396,55.93,6.7,30.6578
28/05/2012,29.9508,56.9,6.78,31.2908
29/05/2012,30.2498,58.14,6.9,32.1215
30/05/2012,30.0629,57.35,6.89,31.8149
31/05/2012,29.876,56.86,6.81,31.8149
1/06/2012,29.6517,55.53,6.7,31.6072
4/06/2012,28.7359,52.9,6.46,30.5293
5/06/2012,29.1191,53.75,6.54,31.6765
6/06/2012,29.063,54.25,6.58,31.8149
7/06/2012,29.5116,55.42,6.63,32.4083
8/06/2012,29.82,55.59,6.6,32.2896
12/06/2012,29.6424,54.65,6.69,32.0819
13/06/2012,29.8293,54.6,6.77,31.7556
14/06/2012,29.7172,54.27,6.67,31.6863
15/06/2012,29.7545,54.5,6.67,31.9929
18/06/2012,30.5021,57,6.75,32.8929
19/06/2012,30.362,56.77,6.6,32.3489
20/06/2012,30.4648,57.72,6.67,32.3885
21/06/2012,30.091,56.9,6.59,31.7259
22/06/2012,29.4555,56.02,6.36,31.0138
25/06/2012,29.035,55.9,6.3,31.1721
26/06/2012,28.6238,55.34,6.24,30.7468
27/06/2012,28.5958,55.08,6.4,30.5787
28/06/2012,28.7172,55.16,6.48,30.282
29/06/2012,29.3901,56.5,6.58,30.6776
2/07/2012,29.6424,56.51,6.65,31.4589
3/07/2012,29.7172,57.42,6.64,30.9051
4/07/2012,30.3433,58.97,6.78,31.4984
5/07/2012,30.2965,58.68,6.67,31.2908
6/07/2012,29.9882,57.8,6.68,31.2611
9/07/2012,29.4181,56.54,6.51,30.4798
10/07/2012,29.1751,56.1,6.47,30.2227
11/07/2012,29.0163,55.65,6.37,30.0842
12/07/2012,28.4089,54.25,6.34,29.9655
13/07/2012,28.4836,54.08,6.33,29.9655
16/07/2012,28.7546,54.49,6.5,30.2227
17/07/2012,28.7733,54.44,6.59,30.4403
18/07/2012,28.2033,52.78,6.53,30.0447
19/07/2012,29.063,53.36,6.83,32.3094
20/07/2012,29.306,53.39,6.79,32.4281
23/07/2012,28.549,51.52,6.58,31.9731
24/07/2012,28.9041,51.76,6.6,32.5863
25/07/2012,28.8294,51.01,6.69,32.5467
26/07/2012,28.9415,50.51,6.76,32.6259
27/07/2012,29.362,52,6.94,32.7248
30/07/2012,29.5583,52.3,6.92,32.8434
31/07/2012,29.8386,53.2,7,33.3775
1/08/2012,29.6237,53.53,6.97,33.2093
2/08/2012,29.9227,54.41,7.07,33.8719
3/08/2012,29.2499,52.01,7,33.5555
6/08/2012,29.9041,54.13,7.09,33.6742
7/08/2012,30.0536,54.85,7.07,33.7434
8/08/2012,30.1657,54.89,7.07,33.8225
9/08/2012,30.6517,56.86,7.1,34.05
10/08/2012,30.5489,56.45,7,33.8917
13/08/2012,30.7358,56.6,7.05,33.8225
14/08/2012,30.7918,56.52,7,33.9807
15/08/2012,30.4834,55.1,6.98,33.9412
16/08/2012,30.7264,54.75,7.15,34.4357
17/08/2012,30.8386,55.35,7.21,34.5247
20/08/2012,30.8666,54.5,7.19,34.7323
21/08/2012,31.0909,54.41,7.16,35.6026
22/08/2012,30.9881,54.1,7.24,34.5148
23/08/2012,31.2217,54.18,7.33,34.8807
24/08/2012,30.9227,51.8,7.33,34.9104
27/08/2012,30.8572,52.11,7.41,34.317
28/08/2012,30.932,51.75,7.42,34.2675
29/08/2012,30.6143,50.54,7.46,34.2576
30/08/2012,29.8947,48.63,7.46,33.7137
31/08/2012,29.7078,49.24,7.52,33.9214
3/09/2012,29.3527,49.85,7.48,34.1983
4/09/2012,29.4929,50.37,7.4,34.317
5/09/2012,29.0163,49.34,7.34,34.3368
6/09/2012,29.2873,50.16,7.44,34.5444
7/09/2012,29.8854,52.38,7.42,34.4159
10/09/2012,30.3339,54.7,7.43,34.6334
11/09/2012,30.4461,54.53,7.54,34.2873
12/09/2012,30.6984,55.09,7.69,34.1192
13/09/2012,30.633,55.05,7.63,34.1291
14/09/2012,31.1283,56.58,7.75,34.4752
17/09/2012,31.9132,57.5,7.86,34.5148
18/09/2012,31.7357,57.25,7.72,34.2181
19/09/2012,31.9787,57.8,7.73,34.317
20/09/2012,31.4927,56.58,7.63,33.5753
21/09/2012,31.4927,56.33,7.57,33.7731
24/09/2012,31.2217,54.97,7.49,33.6247
25/09/2012,31.0722,53.97,7.47,33.2786
26/09/2012,30.661,52.89,7.47,32.883
27/09/2012,30.8572,53.59,7.43,32.7544
28/09/2012,30.8759,53.36,7.42,32.7742
1/10/2012,30.9507,53.36,7.45,32.8335
2/10/2012,31.3432,53.98,7.51,33.1896
3/10/2012,31.2404,53.72,7.56,33.1995
4/10/2012,30.8292,53.95,7.58,32.8533
5/10/2012,31.1376,54.9,7.65,32.7742
8/10/2012,31.0722,54.9,7.54,32.616
9/10/2012,31.2778,55.7,7.78,33.2093
10/10/2012,31.2871,55.83,7.78,33.7236
11/10/2012,31.0722,55.42,7.8,33.6544
12/10/2012,31.3432,56.4,7.79,33.8324
15/10/2012,31.1656,55.82,7.7,33.9214
16/10/2012,30.904,55.12,7.6,33.9115
17/10/2012,31.2591,56.05,7.55,34.0104
18/10/2012,32.2964,58.74,7.54,34.8115
19/10/2012,32.7076,59.15,7.65,35.5829
22/10/2012,32.4272,57.75,7.6,35.2169
23/10/2012,32.5113,57.82,7.6,35.1279
24/10/2012,32.0628,57.26,7.53,34.5642
25/10/2012,32.1188,57.5,7.48,34.4554
26/10/2012,31.6422,56.45,7.36,33.9214
29/10/2012,31.6142,56.92,7.46,33.9708
30/10/2012,31.745,56.86,7.4,33.9214
31/10/2012,32.0067,56.94,7.44,34.0203
1/11/2012,31.6049,56.25,7.37,33.5258
2/11/2012,32.1656,57.38,7.37,33.6346
5/11/2012,32.5394,58.88,7.44,33.8423
6/11/2012,32.53,59.5,7.43,34.0104
7/11/2012,32.6889,60,7.49,34.1192
8/11/2012,32.3992,59.35,7.4,33.7829
9/11/2012,32.2029,58.69,7.36,33.8324
12/11/2012,32.0534,58.64,7.11,33.7928
13/11/2012,31.5394,57.67,6.99,33.4863
14/11/2012,31.5207,57.85,6.96,33.417
15/11/2012,30.9507,56.82,6.88,33.0808
16/11/2012,30.7731,56.9,6.86,32.8434
19/11/2012,31.0348,56.71,7.03,33.1896
20/11/2012,31.3806,57.48,7.05,33.2687
21/11/2012,31.175,56.95,7.03,32.972
22/11/2012,31.4834,57.08,7,33.1698
23/11/2012,31.5394,57.18,6.98,33.2687
26/11/2012,31.7824,57.21,7.01,33.4467
27/11/2012,31.96,57.78,7.02,33.3082
28/11/2012,31.7731,56.7,7,32.9522
29/11/2012,31.9693,57.18,7.03,33.2291
30/11/2012,32.1375,58.75,7.1,33.4269
3/12/2012,32.2777,58.54,7.06,33.7335
4/12/2012,32.016,58.41,6.95,33.7038
5/12/2012,32.0441,59.35,7.13,33.9115
6/12/2012,32.1562,59.92,7.04,33.7038
7/12/2012,32.4646,60.17,7.14,33.8423
10/12/2012,32.6608,61.3,7.15,33.5555
11/12/2012,33.0907,61.77,7.2,33.5258
12/12/2012,33.4178,62.2,7.22,34.0697
13/12/2012,33.6421,62.75,7.16,34.0203
14/12/2012,33.7075,63,7.13,33.9412
17/12/2012,33.9691,63.52,7.07,33.6247
18/12/2012,34.2588,64.7,7.06,33.506
19/12/2012,34.6326,65.71,7.07,33.5258
20/12/2012,34.6139,65.3,6.99,33.1401
21/12/2012,34.2962,64.74,6.97,33.3775
24/12/2012,34.4457,64.84,6.96,33.4368
27/12/2012,34.5672,65.45,6.98,33.6544
28/12/2012,34.9504,66.53,7.02,33.8126
31/12/2012,34.67,66.01,7.01,33.506
2/01/2013,35.3615,67.62,7.06,33.9906
3/01/2013,35.6512,69.25,7.12,34.2181
4/01/2013,35.427,68.55,7.06,34.1785
7/01/2013,35.3335,67.4,7.05,34.2181
8/01/2013,35.0438,66.6,7.11,34.5444
9/01/2013,35.1186,66.81,7.04,34.4159
10/01/2013,34.9597,67.1,6.96,34.3467
11/01/2013,34.2775,65.8,6.96,34.2873
14/01/2013,34.1747,65.99,6.98,34.4653
15/01/2013,34.1374,65.9,6.96,34.7818
16/01/2013,33.8757,65.55,6.97,34.8115
17/01/2013,33.9598,64.6,7.14,34.8115
18/01/2013,34.1093,66.35,7.13,34.9104
21/01/2013,34.1467,66.45,7.14,34.9202
22/01/2013,34.1841,66.89,7.1,34.9697
23/01/2013,34.6326,66.45,7.1,35.0488
24/01/2013,34.7261,66.29,7.1,35.2961
25/01/2013,34.67,66.06,7.11,35.3554
29/01/2013,34.7354,66.15,7.2,35.4543
30/01/2013,35.156,67.12,7.3,35.6026
31/01/2013,35.0251,66.36,7.3,35.0785
1/02/2013,35.4363,67.2,7.32,35.2565
4/02/2013,35.3335,67.99,7.29,35.0686
5/02/2013,34.7448,67.33,7.24,34.5148
6/02/2013,35.0625,68.08,7.45,34.6631
7/02/2013,35.184,68.68,7.56,34.7917
8/02/2013,35.4643,69.6,7.63,35.4048
11/02/2013,35.2401,69.45,7.5,35.5136
12/02/2013,35.1279,69.03,7.5,35.3158
13/02/2013,35.4363,70.46,7.47,35.573
14/02/2013,36.3428,72.07,7.44,35.9883
15/02/2013,36.0624,70.15,7.45,36.4927
18/02/2013,36.1372,70.89,7.42,36.8685
19/02/2013,36.4456,70.51,7.4,37.4915
20/02/2013,36.1185,69.39,7.48,38.6387
21/02/2013,34.7354,67.3,7.31,37.5311
22/02/2013,34.4551,66.72,7.38,37.2839
25/02/2013,34.4831,66.15,7.43,36.5916
26/02/2013,33.9691,65.57,7.35,35.9389
27/02/2013,34.2869,66.01,7.52,35.8004
28/02/2013,34.642,67.05,7.75,37.0861
1/03/2013,34.427,66.08,7.76,36.7399
4/03/2013,33.2402,63.65,7.52,36.107
5/03/2013,33.0814,63.6,7.58,36.2257
6/03/2013,33.4739,63.2,7.82,36.7399
7/03/2013,33.4739,63.23,7.87,36.6806
8/03/2013,33.7262,64.36,7.88,36.73
11/03/2013,33.4739,63.1,7.88,36.9773
12/03/2013,33.3337,61.92,7.84,36.3444
13/03/2013,33.558,62.1,7.8,36.3641
14/03/2013,32.7917,60.7,7.74,35.84
15/03/2013,33.2215,61.3,7.75,36.7597
18/03/2013,32.4179,59.55,7.67,36.0477
19/03/2013,32.287,58.66,7.58,36.1466
20/03/2013,31.418,57.48,7.53,35.8499
21/03/2013,31.2965,58.3,7.44,36.6114
22/03/2013,31.2404,57.92,7.5,36.5323
25/03/2013,31.2124,58.25,7.58,36.4531
26/03/2013,30.7638,56.93,7.58,36.1367
27/03/2013,31.0161,57.82,7.57,35.8004
28/03/2013,30.6143,57.2,7.43,35.4246
2/04/2013,30.5769,56.5,7.39,35.6026
3/04/2013,30.119,55.38,7.43,35.3752
4/04/2013,29.6704,54.6,7.34,35.118
5/04/2013,30.1283,55.6,7.25,34.406
8/04/2013,30.5208,54.84,7.26,34.4752
9/04/2013,30.9414,56.73,7.33,35.2466
10/04/2013,31.474,58.28,7.38,34.8115
11/04/2013,31.2124,58.03,7.56,34.8906
12/04/2013,31.1656,56.9,7.49,35.9982
15/04/2013,30.1938,55.09,7.3,35.6026
16/04/2013,30.0442,54.98,7.25,34.9895
17/04/2013,29.9601,54.59,7.22,34.6928
18/04/2013,28.6425,52.07,6.86,33.4863
19/04/2013,29.3434,54.32,7.14,33.7236
22/04/2013,29.6424,55.12,7.19,34.2181
23/04/2013,29.306,53.84,7.3,37.541
24/04/2013,29.6237,54.68,7.44,38.3124
26/04/2013,30.4461,55.8,7.43,38.0256
29/04/2013,30.4087,55.36,7.46,38.1245
30/04/2013,30.5582,55.8,7.43,37.1454
1/05/2013,30.0629,55.03,7.63,36.7696
2/05/2013,29.7078,53.91,7.6,36.3938
3/05/2013,29.876,54.49,7.75,36.1861
6/05/2013,30.7171,56.2,7.84,36.7696
7/05/2013,31.4647,57.39,7.85,36.6707
8/05/2013,32.0534,58.9,7.86,36.6114
9/05/2013,32.2777,58.2,7.86,36.5619
10/05/2013,32.4739,58.45,7.8,36.8289
13/05/2013,32.287,57.59,7.77,36.9377
14/05/2013,32.3992,57.55,7.84,36.9773
15/05/2013,31.8011,55.77,7.76,37.0366
16/05/2013,31.5488,54.68,7.7,37.2839
17/05/2013,32.1562,55.29,8,37.8674
20/05/2013,32.5113,55.42,8.04,37.8575
21/05/2013,32.5487,55.3,8,37.2443
22/05/2013,32.9599,56.3,8.09,37.1454
23/05/2013,32.5954,55.1,8.09,37.0564
24/05/2013,32.1095,54.51,8.16,36.5916
27/05/2013,31.7824,53.11,8.12,36.4235
28/05/2013,31.7544,52.88,8.32,36.2751
29/05/2013,32.5861,54.7,8.41,36.0971
30/05/2013,32.2029,53.96,8.35,35.8993
31/05/2013,32.5954,55.18,8.27,35.5927
3/06/2013,31.8572,53.8,8.07,35.484
4/06/2013,32.016,55.13,8.08,35.7114
5/06/2013,31.5768,54.36,8.04,35.4147
6/06/2013,31.5581,54.07,7.91,34.8906
7/06/2013,30.9227,53.2,7.81,34.5444
11/06/2013,30.932,53,7.89,34.9895
12/06/2013,30.8105,52.83,7.75,34.2873
13/06/2013,30.0162,51.57,7.67,34.1093
14/06/2013,30.7545,53.98,7.87,34.5049
17/06/2013,30.6517,53.65,7.81,34.5247
18/06/2013,30.5489,53.55,7.84,34.4455
19/06/2013,30.8292,54.38,8,35.2565
20/06/2013,30.0442,52.6,7.89,34.7422
21/06/2013,30.3246,52.66,7.93,35.1082
24/06/2013,29.2966,51.54,7.86,33.8818
25/06/2013,28.792,50.24,7.63,33.3676
26/06/2013,29.5489,51.9,7.73,33.9313
27/06/2013,29.4088,51.79,7.77,34.317
28/06/2013,29.3153,52.37,7.73,34.6236
1/07/2013,28.9135,51.73,7.57,34.3664
2/07/2013,29.9695,53.07,7.9,35.4246
3/07/2013,29.0163,51.5,7.76,34.2379
4/07/2013,29.1751,52.17,7.88,35.2466
5/07/2013,29.5303,52.7,7.97,35.4938
8/07/2013,28.9228,51.64,7.95,35.7905
9/07/2013,29.5396,52.04,8.1,36.1861
10/07/2013,29.7452,52.39,8.1,36.3444
11/07/2013,30.689,54.32,8.26,36.9081
12/07/2013,31.1283,54.74,8.15,37.0663
15/07/2013,31.0722,54.77,8.22,37.1355
16/07/2013,31.2404,55.52,8.15,36.9971
17/07/2013,31.9506,56.15,8.16,37.0366
18/07/2013,31.9787,56.7,8.08,37.0465
19/07/2013,31.6422,56.23,8.14,37.3135
22/07/2013,31.8852,56.55,8.23,37.808
23/07/2013,32.2403,56.76,8.02,37.3036
24/07/2013,32.4552,57.68,7.95,37.4421
25/07/2013,32.4926,57.5,7.96,37.4619
26/07/2013,32.3338,57.24,8.04,37.363
29/07/2013,32.287,57.11,7.99,37.0861
30/07/2013,32.6608,57.71,7.96,36.9674
31/07/2013,32.3711,57.51,8.1,37.1751
1/08/2013,32.8664,57.94,8.13,37.8377
2/08/2013,33.4084,59.31,8.21,38.3223
5/08/2013,33.4084,59.62,8.26,38.7871
6/08/2013,33.287,59.86,8.21,38.3322
7/08/2013,32.6141,58.6,8,37.7882
8/08/2013,32.9973,59.48,8.01,37.8377
9/08/2013,33.586,60.25,7.94,37.9465
12/08/2013,34.399,61.83,8.06,37.9564
13/08/2013,34.5392,62.62,8.16,38.2333
14/08/2013,34.4831,61.93,8.17,37.7981
15/08/2013,34.885,61.4,8.1,37.8871
16/08/2013,34.4551,60.08,8.24,37.8674
19/08/2013,34.6139,60.14,8.25,38.2728
20/08/2013,34.1467,59.51,8.21,38.2728
21/08/2013,33.3991,59.6,8.25,37.6795
22/08/2013,33.0533,59.04,8.23,37.3036
23/08/2013,33.3056,59.93,8.3,37.7685
26/08/2013,33.2496,59.81,8.38,37.363
27/08/2013,33.2683,59.74,8.33,37.4915
28/08/2013,32.5207,58.16,8.23,37.541
29/08/2013,33.0346,58.25,8.34,37.7882
30/08/2013,33.4084,58.3,8.4,37.7586
2/09/2013,33.287,59.22,8.42,38.1146
3/09/2013,33.4739,61.05,8.56,38.3915
4/09/2013,33.2122,61.55,8.51,38.4607
5/09/2013,32.9692,61.19,8.53,38.5201
6/09/2013,32.8571,61.09,8.4,38.7871
9/09/2013,33.3056,61.95,8.53,38.7673
10/09/2013,33.5486,62.88,8.5,38.619
11/09/2013,33.9505,64.15,8.46,38.1739
12/09/2013,34.1841,64.2,8.48,38.3421
13/09/2013,33.829,63.08,8.5,38.0849
16/09/2013,33.8944,63.4,8.66,38.4508
17/09/2013,33.7729,62.76,8.64,38.3124
18/09/2013,33.7262,61.7,8.54,38.0058
19/09/2013,34.2775,63.63,8.71,38.3816
20/09/2013,34.0065,62.91,8.63,38.4904
23/09/2013,33.7355,62.57,8.52,38.2926
24/09/2013,33.5206,62.1,8.5,38.1739
25/09/2013,33.6421,62.41,8.79,38.4212
26/09/2013,33.9691,63.39,8.82,38.5003
27/09/2013,33.9785,63.29,8.86,38.4014
30/09/2013,33.3991,61.74,8.6,37.8871
1/10/2013,33.1655,61.07,8.39,37.3531
2/10/2013,32.9973,60.29,8.43,37.5311
3/10/2013,33.2683,60.78,8.45,37.5707
4/10/2013,32.829,60.47,8.39,37.4817
7/10/2013,32.4085,60,8.34,37.1355
8/10/2013,32.4272,60.25,8.29,36.8586
9/10/2013,32.5487,60.2,8.35,37.3927
10/10/2013,32.3525,60.21,8.46,37.0861
11/10/2013,32.829,61.58,8.56,37.5806
14/10/2013,32.7636,61.65,8.58,37.6201
15/10/2013,33.0814,63.2,8.69,38.075
16/10/2013,33.4365,64.11,8.7,38.0948
17/10/2013,33.4552,63.71,8.7,37.5806
18/10/2013,33.4084,63.45,8.7,37.7388
21/10/2013,33.829,63.75,8.64,37.9168
22/10/2013,34.6233,63.97,8.65,37.9366
23/10/2013,35.0438,63.65,8.47,37.9564
24/10/2013,34.9036,63.85,8.5,37.8377
25/10/2013,34.9597,63.77,8.43,38.0256
28/10/2013,35.3709,64.38,8.52,38.3717
29/10/2013,35.1279,63.41,8.41,38.2234
30/10/2013,35.2027,63.44,8.45,38.4113
31/10/2013,35.1933,63.99,8.51,38.3915
1/11/2013,35.0719,63.54,8.53,38.4212
4/11/2013,35.0625,63.72,8.48,38.3717
5/11/2013,35.3709,64.7,8.56,38.9157
6/11/2013,35.5952,65.6,8.48,38.9157
7/11/2013,35.7353,65.48,8.42,38.9058
8/11/2013,35.4643,65.25,8.45,38.8069
11/11/2013,35.427,65.07,8.44,38.7278
12/11/2013,35.5391,64.7,8.44,38.797
13/11/2013,35.1653,64.63,8.29,38.4607
14/11/2013,35.3429,65.13,8.43,38.2135
15/11/2013,35.4083,65.51,8.51,38.1245
18/11/2013,35.4643,65.65,8.46,38.0256
19/11/2013,35.4176,65.16,8.43,38.075
20/11/2013,35.0905,64.73,8.35,37.6893
21/11/2013,35.0999,64.82,8.36,37.5707
22/11/2013,35.3522,65.28,8.44,37.8278
25/11/2013,35.4083,65.4,8.3,37.9959
26/11/2013,35.3242,65.04,8.38,37.9761
27/11/2013,34.8102,64.3,8.28,37.8179
28/11/2013,34.7541,64.42,8.16,37.7289
29/11/2013,34.941,66.06,8,36.9872
2/12/2013,34.4831,65.85,8.27,36.5916
3/12/2013,34.0626,65.49,8.26,36.6114
4/12/2013,34.3897,66.29,8.31,37.274
5/12/2013,34.371,66,8.24,36.8982
6/12/2013,34.3429,66.41,8.28,37.1454
9/12/2013,34.3616,66.53,8.14,36.9872
10/12/2013,34.4084,66.17,8.23,37.1553
11/12/2013,33.8103,65.77,8.08,37.096
12/12/2013,33.2122,65.14,7.92,36.7993
13/12/2013,33.5019,65.09,8.03,37.3333
16/12/2013,33.3243,64.91,7.93,36.8092
17/12/2013,33.3243,65.3,7.81,36.8883
18/12/2013,33.4458,65.33,7.8,36.8883
19/12/2013,34.3897,66.53,8.04,37.5311
20/12/2013,34.7915,66.74,8.15,38.164
23/12/2013,34.7261,66.9,8.2,38.4706
24/12/2013,34.8476,66.84,8.21,38.6684
27/12/2013,35.0905,67.36,8.16,38.6684
30/12/2013,35.5298,68,8.2,38.7376
31/12/2013,35.5017,68.18,8.11,38.4706
2/01/2014,35.698,68.71,8.17,38.1344
3/01/2014,35.2961,68.36,8.09,37.7091
6/01/2014,35.0999,67.75,8.03,37.2839
7/01/2014,34.7728,66,8.05,37.2443
8/01/2014,34.6139,65.35,8.12,37.4619
9/01/2014,34.5485,65.3,8.15,37.5806
10/01/2014,34.0532,63.65,8.13,37.4817
13/01/2014,34.1654,63.51,8.22,37.1553
14/01/2014,33.7729,63.35,8.08,36.9377
15/01/2014,33.5766,64.24,8.04,37.2146
16/01/2014,34.4084,65.58,8.18,38.2036
17/01/2014,35.4083,66.32,8.2,38.6882
20/01/2014,35.5111,66.49,8.23,38.3717
21/01/2014,35.4643,65.8,8.28,37.9465
22/01/2014,35.1653,65.29,8.21,37.7289
23/01/2014,34.6139,64.67,8.11,37.6003
24/01/2014,34.6139,65.16,8.14,37.7091
28/01/2014,33.9318,64.31,8.26,37.5509
29/01/2014,34.4551,65.8,8.25,37.4322
30/01/2014,34.2869,65.8,8.08,37.0762
31/01/2014,34.1747,65.64,8.03,36.9674
3/02/2014,34.0532,65.34,8.08,37.1355
4/02/2014,33.1748,64.11,8.01,36.6509
5/02/2014,32.9692,64.59,8.07,36.5619
6/02/2014,33.2402,65.65,8.09,37.2048
7/02/2014,33.7262,65.96,8.23,37.1652
10/02/2014,34.1093,67.02,8.37,37.3135
11/02/2014,34.156,66.64,8.2,37.3234
12/02/2014,34.7635,68.1,8.22,37.6597
13/02/2014,34.8756,67.83,8.31,38.1542
14/02/2014,35.2401,67.9,8.32,37.9366
17/02/2014,35.5298,69.54,8.33,38.1542
18/02/2014,36.3428,70.88,8.38,38.075
19/02/2014,36.2026,70.2,8.47,37.9465
20/02/2014,36.1652,69.59,8.5,38.1739
21/02/2014,36.6044,70.23,8.49,38.7376
24/02/2014,36.8007,69.55,8.57,37.5707
25/02/2014,36.539,68.62,8.57,37.2443
26/02/2014,36.0531,66.97,8.57,37.4421
27/02/2014,35.8662,66.6,8.57,37.7289
28/02/2014,35.8662,66.84,8.65,37.5311
3/03/2014,34.9504,65.79,8.84,37.897
4/03/2014,34.913,65.83,8.86,37.7388
5/03/2014,35.3242,64.81,8.92,37.9465
6/03/2014,35.1933,64.58,8.81,37.8377
7/03/2014,35.2494,64.94,8.89,38.2333
10/03/2014,33.7916,61.2,8.84,38.2827
11/03/2014,33.5766,61.22,8.82,38.2135
12/03/2014,33.6327,61.39,8.65,37.9366
13/03/2014,34.0159,63.07,8.61,38.1047
14/03/2014,33.3243,61.5,8.55,37.8772
17/03/2014,33.1468,61.28,8.57,37.5904
18/03/2014,33.7075,61.85,8.58,37.5707
19/03/2014,33.5112,61.36,8.62,37.8179
20/03/2014,32.8945,60.8,8.57,37.3927
21/03/2014,33.2496,61.37,8.66,38.0058
24/03/2014,33.3991,61.5,8.55,38.2135
25/03/2014,33.5673,62.38,8.53,37.9366
26/03/2014,34.156,63.67,8.29,37.9761
27/03/2014,33.6234,63.18,8.42,38.0058
28/03/2014,33.7729,63.24,8.36,38.2234
31/03/2014,34.0813,63.55,8.46,38.5893
1/04/2014,34.6233,63.85,8.41,38.1739
2/04/2014,34.9223,64.1,8.4,38.2827
3/04/2014,35.0719,63.68,8.42,38.3816
4/04/2014,35.2774,63.72,8.45,38.3322
7/04/2014,35.2681,63.95,8.46,38.4113
8/04/2014,35.3989,64.5,8.55,38.4706
9/04/2014,35.8849,65.14,8.6,38.8761
10/04/2014,35.427,64.95,8.58,38.8168
11/04/2014,35.156,64.11,8.54,38.8563
14/04/2014,34.913,63.26,8.43,38.6486
15/04/2014,35.3055,63.35,8.45,38.7179
16/04/2014,35.455,63.37,8.64,39.153
17/04/2014,35.6045,63.37,8.64,39.5585
22/04/2014,35.5204,62.74,8.66,40.4288
23/04/2014,35.698,62.79,8.75,40.7452
24/04/2014,35.7727,62.98,8.85,40.4584
28/04/2014,35.3896,62.06,8.8,40.6266
29/04/2014,35.1466,61.3,8.89,40.2606
30/04/2014,35.2774,61.7,8.89,40.3496
1/05/2014,35.0438,60.79,8.85,40.3892
2/05/2014,34.8289,60.98,8.81,40.1914
5/05/2014,35.0345,61.65,8.95,40.5277
6/05/2014,35.1933,61.5,8.98,40.8046
7/05/2014,34.7354,60.6,8.9,40.5474
8/05/2014,35.184,61.46,9.1,40.7452
9/05/2014,34.8943,60.95,9.12,40.7947
12/05/2014,34.7261,61,9.03,40.5079
13/05/2014,35.4737,62.85,9.15,40.8738
14/05/2014,35.7914,62.78,9.17,41.2397
15/05/2014,35.754,62.81,9.18,41.6353
16/05/2014,35.5858,61.95,9.2,41.2892
19/05/2014,34.9784,60.1,9.04,40.6562
20/05/2014,34.9971,60.05,9.01,40.4683
21/05/2014,34.7354,59.4,9.14,40.7749
22/05/2014,35.184,60.96,9.25,41.2595
23/05/2014,35.184,60.54,9.3,41.1507
26/05/2014,35.427,60.95,9.4,41.3287
27/05/2014,35.4083,61.21,9.47,41.3979
28/05/2014,35.5017,61.4,9.4,41.6452
29/05/2014,35.0345,60.07,9.41,41.5364
30/05/2014,34.5859,59.3,9.43,41.7045
2/06/2014,34.1934,59.23,9.45,41.8924
3/06/2014,34.0159,59.65,9.44,41.487
4/06/2014,33.7916,59.44,9.35,41.4276
5/06/2014,33.829,59.65,9.52,41.0716
6/06/2014,33.8663,59.4,9.78,41.2793
10/06/2014,33.9037,59.64,9.78,41.754
11/06/2014,33.586,59.4,9.71,41.5364
12/06/2014,33.3711,58.72,9.75,41.5265
13/06/2014,32.9786,57.6,9.8,42.3177
16/06/2014,33.287,58.02,9.82,42.377
17/06/2014,33.044,57.45,9.77,42.377
18/06/2014,32.9692,57.9,9.69,40.4485
19/06/2014,34.0439,59.24,9.82,41.0419
20/06/2014,33.5953,58.51,9.82,40.9331
23/06/2014,34.0626,60,9.75,41.0419
24/06/2014,34.0719,59.53,9.69,41.1408
25/06/2014,33.8383,59.07,9.71,40.9232
26/06/2014,34.1093,59.9,9.73,41.1309
27/06/2014,34.0346,60.06,9.75,40.8441
30/06/2014,33.5486,59.31,9.67,40.6167
1/07/2014,33.6421,60.45,9.66,40.8244
2/07/2014,34.4364,62,9.69,41.1903
3/07/2014,34.7915,62.45,9.68,41.1606
4/07/2014,35.1092,62.6,9.8,41.3485
7/07/2014,35.2027,62.28,9.76,41.5562
8/07/2014,35.1279,62.39,9.7,41.2793
9/07/2014,34.8102,62.14,9.47,40.7947
10/07/2014,34.9597,62.41,9.52,40.9232
11/07/2014,35.1186,62.14,9.47,41.0024
14/07/2014,35.3802,62.34,9.53,40.854
15/07/2014,35.5391,63.1,9.52,41.0914
16/07/2014,35.7447,63.94,9.5,41.1606
17/07/2014,36.025,64.75,9.51,41.4078
18/07/2014,35.8755,64.29,9.5,41.7342
21/07/2014,35.7167,63.7,9.5,41.7441
22/07/2014,35.9877,64.13,9.54,41.3979
23/07/2014,36.4269,64.53,9.51,41.9023
24/07/2014,36.5016,65.25,9.56,42.0012
25/07/2014,36.4456,65.09,9.54,42.2287
28/07/2014,36.539,65.36,9.5,42.0408
29/07/2014,36.5016,65.75,9.44,42.1595
30/07/2014,36.4456,66.07,9.5,42.4067
31/07/2014,36.1465,66.38,9.48,42.0507
1/08/2014,35.8942,65.4,9.42,41.4573
4/08/2014,35.7914,65.43,9.3,41.4672
5/08/2014,35.5204,65.33,9.34,41.6946
6/08/2014,35.8101,65.82,9.32,41.3881
7/08/2014,35.9503,66.32,9.26,41.4968
8/08/2014,35.2681,66.43,9.25,41.1408
11/08/2014,35.5298,66.75,9.33,41.2298
12/08/2014,36.0531,67.82,9.45,41.7639
13/08/2014,35.7353,65.73,9.39,41.6056
14/08/2014,35.6606,65.05,9.47,41.6056
15/08/2014,36.4923,65.29,9.42,41.9617
18/08/2014,36.5857,65.35,9.45,42.2781
19/08/2014,37.081,66.4,9.33,42.5748
20/08/2014,35.6326,65.98,9.47,42.9012
21/08/2014,35.5391,65.6,9.54,43.2869
22/08/2014,35.3242,65.4,9.54,43.2869
25/08/2014,34.8102,64.54,9.59,43.3858
26/08/2014,34.7822,64.11,9.64,43.6528
27/08/2014,34.885,64.13,9.68,42.5056
28/08/2014,34.4644,63.06,9.64,42.021
29/08/2014,34.2682,62.63,9.69,42.2287
1/09/2014,34.2962,62.8,9.66,42.5946
2/09/2014,34.4831,63.03,9.72,43.188
3/09/2014,33.829,62.34,9.68,42.8319
4/09/2014,33.6608,62.14,9.69,42.5748
5/09/2014,33.315,61.3,9.58,42.4858
8/09/2014,33.3243,61.02,9.49,42.199
9/09/2014,33.7355,61.77,9.42,42.2682
10/09/2014,33.4552,61.53,9.35,42.2583
11/09/2014,33.1748,61.56,9.28,41.8825
12/09/2014,33.4458,61.89,9.17,41.8727
15/09/2014,33.3056,61.66,9.12,41.6749
16/09/2014,33.3991,61.81,9.01,41.4771
17/09/2014,33.4925,62.05,9.11,41.0419
18/09/2014,33.343,61.98,9.19,41.1804
19/09/2014,33.1561,61.59,9.3,41.2793
22/09/2014,32.5767,60.05,9.24,41.0518
23/09/2014,32.6608,60.2,9.18,41.1309
24/09/2014,32.4179,60.75,9.14,41.0419
25/09/2014,32.5113,61.5,9.11,40.5573
26/09/2014,31.9226,60.11,8.95,40.2013
29/09/2014,31.5114,59.21,8.92,40.0826
30/09/2014,31.6516,59.58,8.92,40.1519
1/10/2014,31.7637,59.26,8.88,40.3299
2/10/2014,31.446,58.94,8.83,40.0332
3/10/2014,31.2591,58.8,8.84,40.231
6/10/2014,30.5582,57.59,8.8,40.2705
7/10/2014,31.0628,60.07,8.75,40.1024
8/10/2014,30.689,59.09,8.57,39.4398
9/10/2014,31.0441,59.03,8.7,39.3211
10/10/2014,30.1938,57.26,8.35,38.2728
13/10/2014,30.4648,58.36,8.31,38.2926
14/10/2014,31.2591,60.74,8.43,38.6387
15/10/2014,31.5862,60.99,8.46,38.5695
16/10/2014,31.1469,59.89,8.58,39.2222
17/10/2014,31.2124,59.37,8.65,39.1431
20/10/2014,31.6235,59.73,8.65,39.5288
21/10/2014,31.5394,59.97,8.6,39.242
22/10/2014,32.0254,61.21,8.72,39.4497
23/10/2014,31.4366,59.87,8.6,39.5288
24/10/2014,31.5301,60.05,8.61,39.6079
27/10/2014,31.5955,59.79,8.67,39.7068
28/10/2014,31.1376,59.03,8.51,39.1036
29/10/2014,31.5675,59.65,8.49,39.3013
30/10/2014,31.3525,59.3,8.6,39.2816
31/10/2014,31.7357,60.41,8.63,39.687
3/11/2014,31.5021,59.78,8.63,39.9936
4/11/2014,31.7824,60.35,8.68,39.9738
5/11/2014,31.6049,60.16,8.5,39.598
6/11/2014,31.5675,60,8.62,39.6376
7/11/2014,32.231,60.7,8.69,40.2409
10/11/2014,32.4085,61.24,8.86,40.4584
11/11/2014,31.9319,60.51,8.6,39.8057
12/11/2014,31.0255,59.41,8.53,39.7958
13/11/2014,31.0722,59.7,8.35,39.6673
14/11/2014,31.0722,60.05,8.19,39.0047
17/11/2014,31.0441,59.9,8.1,38.6684
18/11/2014,31.0068,59.47,8.01,38.4113
19/11/2014,30.5302,57.98,8.01,37.986
20/11/2014,29.7172,56.41,8.18,38.0256
21/11/2014,29.6237,56.41,8.57,38.4212
24/11/2014,30.7451,58.3,8.7,39.0244
25/11/2014,29.9975,57.41,8.6,38.9255
26/11/2014,30.3993,58.39,8.7,39.1233
27/11/2014,29.9041,58.02,8.47,38.0454
28/11/2014,28.8948,59.1,7.97,35.3554
1/12/2014,27.3529,56.66,7.29,33.8225
2/12/2014,28.4089,57.93,7.7,34.4752
3/12/2014,28.4462,57.98,7.72,35.2466
4/12/2014,28.8668,59.18,7.83,36.0477
5/12/2014,28.4275,57.14,7.68,35.3158
8/12/2014,28.1285,57.13,7.85,34.9994
9/12/2014,26.9884,55.5,7.29,34.0005
10/12/2014,27.465,56.4,7.25,34.5148
11/12/2014,27.1006,55.04,7.04,33.8126
12/12/2014,26.5959,53.67,7.15,34.2181
15/12/2014,26.4744,53.5,7.26,34.9994
16/12/2014,25.624,52.65,7.06,34.0796
17/12/2014,25.7081,53.38,7.3,35.1082
18/12/2014,26.2034,54.73,7.62,36.196
19/12/2014,27.0819,56.29,7.68,37.3531
22/12/2014,27.8855,57.73,8.06,38.2728
23/12/2014,26.923,55.81,7.88,37.5509
24/12/2014,27.0725,56.59,7.9,37.7289
29/12/2014,27.7454,58.05,7.96,38.1542
30/12/2014,27.5491,57.56,7.84,37.6102
31/12/2014,27.4463,58,7.89,37.5904
2/01/2015,27.6052,58.33,7.89,37.7091
5/01/2015,27.5491,58.48,8,37.9069
6/01/2015,26.2688,57.59,7.31,36.0576
7/01/2015,26.2688,57.29,7.2,35.7411
8/01/2015,26.5212,58.65,7.09,35.5631
9/01/2015,27.2501,59.4,7.35,36.641
12/01/2015,26.6426,58.5,7.3,35.9488
13/01/2015,26.138,57.46,7.14,35.3257
14/01/2015,25.4184,55.54,7.2,35.1477
15/01/2015,25.1381,54.18,7.21,34.673
16/01/2015,25.2783,53.89,7.14,33.7829
19/01/2015,25.895,54.16,7.49,33.7928
20/01/2015,25.6801,53.69,7.48,31.894
21/01/2015,26.2128,55.09,7.41,32.2402
22/01/2015,26.9604,56.5,7.68,33.2489
23/01/2015,27.4557,56.86,7.93,34.0203
27/01/2015,27.0538,56.8,7.66,33.8719
28/01/2015,27.0445,56.98,7.79,33.9708
29/01/2015,27.0538,57.05,7.7,33.3676
30/01/2015,27.3435,57.56,7.77,33.9016
2/02/2015,27.6613,57.47,7.98,34.2675
3/02/2015,28.6425,58.58,8.33,35.2961
4/02/2015,29.8947,60.73,8.47,35.4741
5/02/2015,29.306,60.2,8.23,34.8708
6/02/2015,29.4835,60.6,8.28,35.0983
9/02/2015,29.1845,60.31,8.29,35.2763
10/02/2015,29.334,60.7,8.22,34.8115
11/02/2015,28.9415,59.8,8.01,33.7829
12/02/2015,28.6892,59.9,7.99,33.4665
13/02/2015,30.0629,63.79,8.3,34.8016
16/02/2015,30.4274,63.55,8.35,34.7818
17/02/2015,30.418,63.5,8.43,34.5247
18/02/2015,30.8199,63.38,8.48,36.0477
19/02/2015,30.3713,63.64,8.42,35.7312
20/02/2015,30.1844,63.75,8.33,35.3257
23/02/2015,30.0162,63.92,8.28,35.7609
24/02/2015,30.8946,63.14,8.29,36.0477
25/02/2015,31.3058,63.58,8.2,34.5247
26/02/2015,31.3619,63.7,8.18,34.5148
27/02/2015,31.446,64.41,8.16,34.7917
2/03/2015,31.8852,65.6,8.12,34.9104
3/03/2015,31.3432,64.8,8.1,34.7126
4/03/2015,31.1283,62.4,8.07,34.7126
5/03/2015,30.9881,61.15,8.08,34.8411
6/03/2015,30.5021,60.39,7.84,34.7719
9/03/2015,30.0442,59.2,7.76,34.4554
10/03/2015,29.82,58.55,7.7,34.5049
11/03/2015,28.3434,57.87,7.8,34.0302
12/03/2015,28.222,57.5,7.95,34.406
13/03/2015,27.8108,57.3,7.89,34.3664
16/03/2015,27.4744,57.7,7.59,33.6148
17/03/2015,27.8201,57.84,7.65,34.2082
18/03/2015,28.222,58.22,7.56,34.4752
19/03/2015,28.5771,58.3,7.57,34.9202
20/03/2015,28.6612,58.59,7.62,35.3059
23/03/2015,28.9696,58.21,7.72,35.1378
24/03/2015,29.1751,57.37,7.68,35.0191
25/03/2015,29.0724,56.83,7.6,34.7126
26/03/2015,28.764,56.5,7.68,34.8807
27/03/2015,28.7359,56.55,7.54,34.6532
30/03/2015,28.1285,55.85,7.16,33.6247
31/03/2015,28.9976,57.23,7.2,34.139
1/04/2015,28.3528,56.41,7.01,33.506
2/04/2015,28.2406,55.78,7.1,33.7731
7/04/2015,28.4556,56.15,7.23,33.9906
8/04/2015,28.7266,57,7.64,34.6829
9/04/2015,28.2126,56.58,7.62,33.7533
10/04/2015,28.1659,56.89,7.73,34.5148
13/04/2015,27.493,55.3,7.88,34.584
14/04/2015,27.2127,54.96,8.04,34.8609
15/04/2015,27.5771,55.83,7.93,35.0191
16/04/2015,28.25,55.87,8.09,35.0884
17/04/2015,28.007,55.09,8.13,35.029
20/04/2015,27.8668,54.66,8.1,34.7719
21/04/2015,28.5958,55.5,8.09,34.3071
22/04/2015,28.2874,55.2,7.96,34.139
23/04/2015,29.0256,56.3,8.09,34.4159
24/04/2015,29.9508,57.79,8.32,35.0093
27/04/2015,30.4367,59.77,8.43,35.4938
28/04/2015,30.2965,58.79,8.25,35.1873
29/04/2015,29.9414,57.71,8.07,34.8016
30/04/2015,29.876,57.15,8.09,34.6631
1/05/2015,30.3713,58.29,8.19,34.8609
4/05/2015,31.1656,59.9,8.26,35.0389
5/05/2015,30.4274,59.48,8.07,35.1082
6/05/2015,30.2311,59.12,7.96,35.0389
7/05/2015,29.8013,58.54,7.83,34.673
8/05/2015,29.2499,58.43,7.57,33.4269
11/05/2015,29.7358,58.62,7.78,34.1192
12/05/2015,30.3993,59.25,7.73,34.1291
13/05/2015,30.3713,59.02,7.71,34.3269
14/05/2015,29.876,57.7,7.58,34.6137
15/05/2015,30.362,58.1,7.52,34.6137
18/05/2015,30.13,57.45,7.33,34.1983
19/05/2015,29.63,57.45,7.29,33.9708
20/05/2015,28.82,56.03,7.26,33.9511
21/05/2015,29.24,56.9,7.39,34.4851
22/05/2015,29.25,56.75,7.57,35.3059
25/05/2015,29.48,57.63,7.62,35.8993
26/05/2015,29.82,58.29,7.64,36.2553
27/05/2015,29.34,57.31,7.44,36.2455
28/05/2015,29.2,57.65,7.46,36.018
29/05/2015,29.59,58.2,7.6,36.2257
1/06/2015,29.19,57.42,7.71,36.1565
2/06/2015,28.33,56.49,7.42,35.7114
3/06/2015,28.53,57.5,7.34,35.2763
4/06/2015,28.09,56.74,7.17,34.7917
5/06/2015,27.9,57.02,7.2,34.8807
9/06/2015,27.6,56.37,7.22,35.207
10/06/2015,27.66,56.07,7.43,35.8202
11/06/2015,28.23,57.48,7.76,36.4432
12/06/2015,27.9,57.14,7.73,36.3246
15/06/2015,27.92,57.29,7.52,35.2763
16/06/2015,27.75,55.91,7.29,35.0191
17/06/2015,28.17,56.03,7.51,35.2664
18/06/2015,27.97,54.95,7.36,34.9598
19/06/2015,28.41,55.55,7.51,35.2466
22/06/2015,28.32,55.8,7.49,35.4345
23/06/2015,28.61,56.34,7.5,35.5532
24/06/2015,28.55,55.67,7.5,35.6323
25/06/2015,28.51,55.63,7.45,35.2862
26/06/2015,27.5,54.08,7.2,34.4357
29/06/2015,26.95,53.29,7.16,33.6148
30/06/2015,27.05,53.75,7.13,33.8522
1/07/2015,26.65,53.01,7.3,34.2774
2/07/2015,27,53.03,7.31,34.8807
3/07/2015,26.59,52.5,7.07,34.3763
6/07/2015,26.01,51.16,6.79,33.7434
7/07/2015,26.25,51.74,7,34.2576
8/07/2015,25.43,50.06,6.83,33.2489
9/07/2015,25.88,50.89,6.81,33.15
10/07/2015,26.65,52.07,7,33.1995
13/07/2015,26.41,51.53,6.89,32.8731
14/07/2015,27.1,53.07,6.96,33.5555
15/07/2015,26.9,53.12,7.11,34.5741
16/07/2015,27.08,53.31,7.2,34.1884
17/07/2015,27.1,53.01,7.04,34.6038
20/07/2015,26.99,53.87,6.95,34.3961
21/07/2015,26.82,53.38,7.22,34.3961
22/07/2015,26.27,52.18,7.01,33.7236
23/07/2015,25.5,51.2,7.03,33.239
24/07/2015,25.27,51.2,7.19,33.2885
27/07/2015,25.52,51.19,7.26,33.4863
28/07/2015,25.37,51.28,7.17,34.0599
29/07/2015,25.89,51.78,7.31,34.5642
30/07/2015,26.5,53,7.47,35.2862
31/07/2015,26.45,52.86,7.47,35.2565
3/08/2015,26.18,52.2,7.26,34.8609
4/08/2015,25.9,52.02,7.2,34.5939
5/08/2015,26.49,52.98,7.03,34.4554
6/08/2015,26.69,53.55,6.97,34.0599
7/08/2015,25.93,53.27,6.85,33.595
10/08/2015,26,53.74,6.93,33.7533
11/08/2015,26.34,54.6,7.02,34.3664
12/08/2015,25.2,51.65,6.8,33.0709
13/08/2015,25.51,51.96,6.92,33.6742
14/08/2015,25.32,51.13,6.7,32.4775
17/08/2015,25.2,50.89,6.55,32.2303
18/08/2015,24.98,50.59,6.4,31.6962
19/08/2015,25.16,50.65,6.54,32.4973
20/08/2015,24.38,49.41,6.26,31.3402
21/08/2015,24.1,49.52,6.16,31.2116
24/08/2015,22.89,46.97,5.81,29.6689
25/08/2015,23.34,48.45,5.9,29.8667
26/08/2015,23.94,48.89,6.19,30.6282
27/08/2015,24.06,48.81,6.39,31.1523
28/08/2015,25.49,51.1,6.77,31.6962
31/08/2015,25.18,50.29,6.8,31.9039
1/09/2015,24.65,49.37,6.74,31.271
2/09/2015,24.63,49.54,6.65,30.7567
3/09/2015,24.32,49.27,6.89,30.1238
4/09/2015,24.69,49.76,6.76,30.2523
7/09/2015,24.19,49.15,6.73,30.2425
8/09/2015,24.7,50.22,7.9,29.3326
9/09/2015,24.65,51.51,7.85,29.57
10/09/2015,23.92,51.27,7.57,28.8085
11/09/2015,23.71,52,7.45,28.0964
14/09/2015,23.74,51.86,7.49,28.0964
15/09/2015,23.43,50.74,7.27,27.9382
16/09/2015,23.97,51.31,7.43,28.7788
17/09/2015,24.65,52.01,7.57,29.6194
18/09/2015,24.46,51.26,7.49,29.3623
21/09/2015,23.85,49.78,7.48,28.5118
22/09/2015,23.86,49.19,7.8,29.3227
23/09/2015,22.8,47.99,7.72,28.4821
24/09/2015,22.85,48.3,7.85,29.1744
25/09/2015,22.93,48.95,7.56,28.7491
28/09/2015,23.15,48.75,7.51,29.5799
29/09/2015,21.61,46.52,7.25,27.8591
30/09/2015,22.22,48.6,7.17,28.6107
1/10/2015,22.68,49.58,7.32,29.4315
2/10/2015,22.6,48.73,7.26,29.2139
5/10/2015,23.5,49.81,7.37,30.1139
6/10/2015,23.88,50.52,7.35,29.9557
7/10/2015,24.26,52.18,7.7,31.7457
8/10/2015,25,53.18,7.71,31.4391
9/10/2015,25.6,55.18,7.66,32.2501
12/10/2015,25.36,54.81,7.34,31.6666
13/10/2015,24.81,53.4,7.36,31.0138
14/10/2015,24.68,53.03,7.14,30.5194
15/10/2015,25.12,54.25,7.41,30.8259
16/10/2015,25,53.69,7.4,31.0831
19/10/2015,24.71,53.35,7.43,31.716
20/10/2015,23.99,52.14,7.3,30.1337
21/10/2015,24.23,52.78,7.32,30.3611
22/10/2015,24.1,52.66,7.44,30.6084
23/10/2015,24.59,53.39,7.45,30.7567
26/10/2015,24.57,53.81,7.6,30.727
27/10/2015,24.34,52.81,7.58,29.9655
28/10/2015,23.78,52.07,7.58,29.3128
29/10/2015,23.47,51.14,7.52,29.0161
30/10/2015,23.02,50.65,7.85,29.2832
2/11/2015,22.8,50.76,7.79,29.2733
3/11/2015,23.02,50.61,7.9,29.9359
4/11/2015,23.47,50.85,7.98,30.0051
5/11/2015,23.28,50.15,7.9,30.2919
6/11/2015,22.7,50.8,7.91,29.6491
9/11/2015,21.42,49,7.82,28.9074
10/11/2015,21.57,49.39,7.87,29.0755
11/11/2015,20.95,49.4,7.91,29.0161
12/11/2015,20.61,49.5,7.82,28.6898
13/11/2015,20.23,48.65,7.73,28.136
16/11/2015,20.1,47.41,7.94,28.5019
17/11/2015,20.37,48.1,8.16,29.0755
18/11/2015,19.81,46.8,8.13,29.1843
19/11/2015,20.42,48.68,8.15,30.1633
20/11/2015,20.5,48.61,8.2,29.6689
23/11/2015,20.07,48.13,8.33,29.6689
24/11/2015,19.71,47.42,8.33,29.3821
25/11/2015,19.67,47.14,8.24,29.3326
26/11/2015,18.94,46.49,8.19,29.2832
27/11/2015,18.77,46.23,8.15,29.9161
30/11/2015,18.09,45.91,8.2,29.7776
1/12/2015,18.75,46.92,8.23,30.4699
2/12/2015,18.75,46.55,8.28,30.282
3/12/2015,18.19,45.59,8.1,29.1348
4/12/2015,17.93,44.38,7.95,28.7491
7/12/2015,17.99,44.3,7.52,27.6909
8/12/2015,17.05,42.4,6.29,26.5932
9/12/2015,17.16,42.05,6.35,26.7316
10/12/2015,17.48,43.06,6.28,26.5536
11/12/2015,17.2,43.06,6.2,26.7415
14/12/2015,16.6,42.18,5.86,26.1185
15/12/2015,16.27,41.76,5.94,25.9108
16/12/2015,17.18,43.02,6.22,26.7514
17/12/2015,17.02,43.36,6.11,26.524
18/12/2015,16.87,42.46,6.03,26.4646
21/12/2015,17.13,42.88,6.1,26.8404
22/12/2015,16.83,42.23,6.15,26.9987
23/12/2015,17.41,44,6.38,27.2855
24/12/2015,18.34,45.95,6.62,27.8689
29/12/2015,18.11,44.77,6.58,28.0964
30/12/2015,18.09,44.78,6.7,28.5019
31/12/2015,17.86,44.71,6.7,28.403
4/01/2016,17.8,44.63,6.78,29.2535
5/01/2016,17.58,44.08,6.6,28.4425
6/01/2016,17.15,42.75,6.62,28.0766
7/01/2016,16.33,40.7,6.33,26.6426
8/01/2016,16.35,41.9,6.55,27.8788
11/01/2016,15.55,40.5,6.5,27.325
12/01/2016,15.01,39.15,6.23,26.7811
13/01/2016,14.77,39.55,6.32,27.1371
14/01/2016,14.88,38.85,6.24,26.5734
15/01/2016,15.07,39.51,6.33,26.6921
18/01/2016,14.63,38.69,6.01,25.9998
19/01/2016,14.73,38.82,5.76,25.8218
20/01/2016,14.21,37.75,5.67,25.1097
21/01/2016,14.2,38.36,5.64,24.7241
22/01/2016,15.26,39.65,6.12,25.1691
25/01/2016,15.28,39.16,6.28,26.1284
27/01/2016,15.01,38.11,5.99,25.7031
28/01/2016,15.1,38.93,6.1,26.0789
29/01/2016,15.35,39.13,6.5,27.6415
1/02/2016,15.25,38.97,6.55,27.6019
2/02/2016,14.92,37.54,6.37,26.702
3/02/2016,14.27,37.03,6.3,25.3669
4/02/2016,15.45,40.33,6.75,26.8404
5/02/2016,16.2,41.62,6.95,26.9492
8/02/2016,16.37,42.53,6.9,27.1074
9/02/2016,16.05,42,6.74,26.435
10/02/2016,15.65,41.51,6.58,26.1877
11/02/2016,15.24,40.99,6.54,26.3855
12/02/2016,15.09,40.47,6.66,26.3163
15/02/2016,15.98,42.22,6.93,27.6415
16/02/2016,16.59,43.2,7.33,29.2139
17/02/2016,15.98,42.11,7.05,27.1866
18/02/2016,16.95,43.4,7.38,28.4327
19/02/2016,16.61,42.62,7.13,27.7898
22/02/2016,17.18,43.99,7.25,27.414
23/02/2016,17.63,44.62,7.03,27.3844
24/02/2016,16.18,42.02,6.66,26.6723
25/02/2016,16,41.32,6.69,26.4844
26/02/2016,15.59,40,6.64,25.6735
29/02/2016,15.57,40.28,6.68,25.0702
1/03/2016,16.03,41.35,6.8,25.5152
2/03/2016,16.73,43.3,6.99,26.8108
3/03/2016,17.25,44.2,7.22,26.8206
4/03/2016,17.67,44.9,7.27,26.702
7/03/2016,18.55,46.47,7.4,27.3547
8/03/2016,18.21,45.26,7.42,27.2657
9/03/2016,17.86,44.3,7.23,26.5339
10/03/2016,17.7,44.73,7.33,26.3855
11/03/2016,17.61,44.57,7.19,26.4646
14/03/2016,17.74,44.47,7.2,26.4745
15/03/2016,17.13,42.97,6.95,25.4361
16/03/2016,16.88,42.69,6.88,25.7526
17/03/2016,17.29,43.73,7.07,26.3262
18/03/2016,18.1,44.15,6.99,26.7712
21/03/2016,18.17,44.1,6.83,26.8602
22/03/2016,17.9,43.86,6.8,27.0679
23/03/2016,17.6,43.86,6.74,26.8305
24/03/2016,17,42.3,6.73,26.6426
29/03/2016,16.71,42.14,6.68,26.3459
30/03/2016,16.62,41.99,6.72,25.6735
31/03/2016,16.86,42.69,6.76,25.6735
1/04/2016,16.97,43.14,6.52,25.3867
4/04/2016,16.52,42.82,6.35,24.7043
5/04/2016,15.98,41.96,6.05,23.6758
6/04/2016,16.14,42.34,6.37,24.3482
7/04/2016,16.39,42.97,6.43,24.7933
8/04/2016,16.18,43.26,6.45,24.6647
11/04/2016,16.55,44.28,6.6,24.7735
12/04/2016,16.9,45.33,6.53,24.7933
13/04/2016,17.92,47.38,6.64,25.535
14/04/2016,18.87,48.6,6.65,25.3471
15/04/2016,19.28,48.2,6.5,25.8515
18/04/2016,18.7,47.45,6.22,25.4954
19/04/2016,19.67,49.29,6.53,26.524
20/04/2016,20.34,51.3,6.85,26.1086
21/04/2016,21.05,52.55,6.9,27.6415
22/04/2016,20.36,51,6.95,27.5426
26/04/2016,19.76,49.44,6.9,27.9382
27/04/2016,19.65,48.42,6.91,27.147
28/04/2016,20.57,50.29,6.99,27.414
29/04/2016,20.68,51.55,7.03,28.0272
2/05/2016,20.92,52.4,7.09,28.4228
3/05/2016,20.73,51.75,7.07,28.314
4/05/2016,18.79,47.85,6.79,26.8009
5/05/2016,18.43,48.06,6.75,26.8009
6/05/2016,18.46,47.75,6.77,26.6624
9/05/2016,18.41,46.74,6.85,27.0382
10/05/2016,17.83,45.4,6.74,26.1482
11/05/2016,18.55,46.01,6.74,26.158
12/05/2016,18.59,45.9,6.86,26.791
13/05/2016,18.2,44.65,6.75,26.6624
16/05/2016,18.56,45.21,6.75,26.4844
17/05/2016,19.21,45.87,6.96,27.2459
18/05/2016,19.43,45.82,7.03,27.0184
19/05/2016,18.71,44.29,6.91,26.702
20/05/2016,18.85,45.04,6.83,26.791
23/05/2016,18.37,44,6.61,26.4943
24/05/2016,18.38,44.2,6.51,26.158
25/05/2016,18.9,45.03,6.7,26.8503
26/05/2016,19.41,45.48,6.71,27.4041
27/05/2016,19.37,44.83,6.83,27.5228
30/05/2016,19.24,44.77,6.88,27.7602
31/05/2016,19.08,44.69,6.79,27.0976
1/06/2016,18.49,43.79,6.7,26.613
2/06/2016,18.24,42.9,6.68,26.4547
3/06/2016,18.53,43.54,6.67,26.5635
6/06/2016,19.22,45.22,6.65,26.7514
7/06/2016,19.78,46.04,6.81,27.1569
8/06/2016,19.54,45.17,6.98,27.414
9/06/2016,19.61,45.44,7,27.0481
10/06/2016,18.8,44.08,6.88,26.702
14/06/2016,18.2,43.47,6.73,25.9108
15/06/2016,17.82,42.96,6.7,25.8119
16/06/2016,17.89,43.01,6.67,25.6833
17/06/2016,18.08,43.42,6.64,25.6438
20/06/2016,18.87,44.79,6.77,27.1668
21/06/2016,18.69,44.21,6.7,26.2075
22/06/2016,18.71,44.58,6.66,26.1086
23/06/2016,19.05,45.8,6.67,26.3064
24/06/2016,17.54,42.83,6.43,25.4856
27/06/2016,18.08,44.07,6.46,25.5647
28/06/2016,18.03,44.2,6.42,25.4954
29/06/2016,18.3,44.83,6.55,25.8119
30/06/2016,18.65,45.5,6.67,26.5437
1/07/2016,19.09,46.07,6.86,26.3459
4/07/2016,19.53,47.78,6.93,26.4943
5/07/2016,19.45,47.77,6.9,26.2075
6/07/2016,18.71,46.81,6.82,26.0394
7/07/2016,19.08,47.38,6.96,26.2569
8/07/2016,19.05,48.3,6.95,26.3163
11/07/2016,19.6,49.52,6.9,26.4646
12/07/2016,19.93,49.4,6.8,26.5042
13/07/2016,20.58,50.78,6.99,26.7415
14/07/2016,20.34,50.2,6.98,26.4547
15/07/2016,20.37,50.55,6.98,26.3855
18/07/2016,20.22,50.14,7.25,26.5536
19/07/2016,19.83,48.99,7.35,26.8998
20/07/2016,19.25,48,7.33,27.0382
21/07/2016,19.26,48.52,7.41,27.2954
22/07/2016,19.3,48.35,7.32,26.9987
25/07/2016,19.24,48.14,7.27,27.0481
26/07/2016,19.26,48.68,7.19,26.8206
27/07/2016,19.86,49.6,7.17,26.8305
28/07/2016,19.97,50.64,7.1,26.8108
29/07/2016,19.52,49.56,7.09,26.2372
1/08/2016,19.67,49.7,7.29,26.7415
2/08/2016,19.24,49.41,7.15,26.1482
3/08/2016,19.09,49.42,7.16,26.1482
4/08/2016,19.31,48.62,7.27,26.3361
5/08/2016,20.03,49.52,7.25,26.5932
8/08/2016,20.48,50.12,7.39,27.1074
9/08/2016,20.59,50.9,7.49,27.3942
10/08/2016,20.44,50.57,7.39,27.2558
11/08/2016,20.25,49.71,7.34,26.9492
12/08/2016,20.68,49.74,7.38,27.1965
15/08/2016,20.16,48.04,7.37,27.0877
16/08/2016,20.25,48.46,7.38,27.3448
17/08/2016,20.91,49.56,7.56,27.9876
18/08/2016,20.86,49.32,7.63,28.2349
19/08/2016,21.29,49.79,7.59,28.581
22/08/2016,20.95,49.2,7.44,28.9964
23/08/2016,21.08,49.05,7.38,28.8777
24/08/2016,21.42,49.82,7.26,29.1249
25/08/2016,21.03,49.1,7.02,29.5304
26/08/2016,20.88,48.82,6.91,29.3524
29/08/2016,20.93,48.52,6.81,28.5217
30/08/2016,21.11,48.9,6.92,28.5612
31/08/2016,20.43,47.6,6.72,28.314
1/09/2016,19.84,46.99,6.655,28.0371
2/09/2016,19.85,47.41,6.69,27.7701
5/09/2016,20.34,48.1,6.63,28.1953
6/09/2016,20.56,48.53,6.61,28.3832
7/09/2016,20.5,48.16,6.52,28.1459
8/09/2016,20.26,48.02,6.51,27.7008
9/09/2016,20.78,48.6,6.76,28.0074
12/09/2016,19.94,47.41,6.58,27.2657
13/09/2016,20,47.46,6.45,27.2657
14/09/2016,19.8,46.83,6.39,27.0679
15/09/2016,20.07,47.07,6.34,26.7811
16/09/2016,20.09,46.6,6.43,27.1272
19/09/2016,20.14,46.53,6.33,26.8305
20/09/2016,20.61,47.25,6.28,26.4943
21/09/2016,20.72,47.65,6.29,26.4844
22/09/2016,21.28,49.2,6.36,27.0481
23/09/2016,21.53,50.07,6.37,27.0184
26/09/2016,21.55,50.38,6.48,26.8305
27/09/2016,21.5,50.01,6.53,26.4053
28/09/2016,21.39,50,6.54,26.2273
29/09/2016,22.4,51.85,7,28.136
30/09/2016,22.38,51.61,7.09,28.3041
3/10/2016,22.75,51.9,7.15,28.5414
4/10/2016,22.9,52.48,7.2,28.7392
5/10/2016,22.85,51.9,7.3,28.581
6/10/2016,23.12,52.21,7.43,29.115
7/10/2016,23.3,52,7.51,29.5205
10/10/2016,23.4,52.11,7.4,29.5106
11/10/2016,23.8,53.2,7.65,29.7183
12/10/2016,23.44,53,7.5,29.6392
13/10/2016,22.75,51.57,7.23,29.1546
14/10/2016,22.54,51.05,7.16,29.2139
17/10/2016,22.39,50.62,7.09,28.7788
18/10/2016,22.64,50.61,7.17,28.9074
19/10/2016,22.47,50.74,7.23,28.9766
20/10/2016,22.85,50.96,7.29,29.2436
21/10/2016,23.04,50.95,7.12,28.9766
24/10/2016,23.09,51.23,6.98,28.67
25/10/2016,23.19,52.48,6.98,28.5909
26/10/2016,22.84,53.37,6.77,28.0569
27/10/2016,22.51,53.3,6.61,27.6316
28/10/2016,22.98,53.75,6.79,28.0074
31/10/2016,23.07,54.18,6.66,28.0569
1/11/2016,22.8,54.2,6.66,27.7008
2/11/2016,22.56,53.9,6.57,27.4041
3/11/2016,22.66,53.64,6.64,27.6909
4/11/2016,22.27,53.31,6.54,27.592
7/11/2016,22.7,53.92,6.66,28.0074
8/11/2016,23.3,54.79,6.75,28.2645
9/11/2016,22.56,53.73,6.42,27.5723
10/11/2016,24.42,58.13,6.6,28.403
11/11/2016,24.94,59.55,6.49,28.67
14/11/2016,24.84,59.44,6.43,28.5909
15/11/2016,24.55,58.95,6.57,28.7195
16/11/2016,23.98,56.94,6.79,29.4216
17/11/2016,24.06,57.59,6.79,28.9469
18/11/2016,24.1,57.37,6.87,29.0755
21/11/2016,24.28,57.39,6.97,29.4612
22/11/2016,25.24,58.67,7.12,30.1633
23/11/2016,25.91,60.15,7.2,30.4996
24/11/2016,25.91,60.3,7.1,30.4106
25/11/2016,26.5,61.76,6.94,30.7567
28/11/2016,25.81,61.05,6.73,30.0546
29/11/2016,25.46,60.39,6.62,30.0051
30/11/2016,24.41,57.75,6.45,29.2931
1/12/2016,25.61,58.7,7.04,31.1919
2/12/2016,25.02,58.04,7.03,30.5985
5/12/2016,25.18,58.61,6.92,30.015
6/12/2016,25.48,59.14,6.93,30.015
7/12/2016,25.73,60.83,6.93,29.8963
8/12/2016,26.04,62.73,6.99,29.5502
9/12/2016,25.98,62.65,6.91,30.2523
12/12/2016,26.32,62.79,7.15,31.1325
13/12/2016,26.12,61.25,7.21,31.3006
14/12/2016,25.8,60.96,7.06,31.5281
15/12/2016,25.33,60.09,6.84,30.6578
16/12/2016,25,59.29,6.88,30.5886
19/12/2016,25.09,59.55,6.9,30.7567
20/12/2016,24.91,59.26,6.81,30.5985
21/12/2016,25.17,60.12,6.88,30.6974
22/12/2016,25.14,60.09,6.93,31.0534
23/12/2016,24.63,58.77,6.96,31.3303
28/12/2016,25.44,60.17,7.06,31.3204
29/12/2016,25.5,60.73,7.17,31.3897
30/12/2016,25.06,59.9,7.17,30.8161
3/01/2017,25.46,60.98,7.17,31.2018
4/01/2017,25.61,60.4,7.26,30.9545
5/01/2017,25.63,60.5,7.39,31.1029
6/01/2017,25.5,60.13,7.36,31.1127
9/01/2017,25.47,59.35,7.45,31.5281
10/01/2017,25.36,59.95,7.35,31.4886
11/01/2017,26.02,62.28,7.4,31.3501
12/01/2017,26.36,62.87,7.39,31.6567
13/01/2017,26.33,62.09,7.35,31.5776
16/01/2017,26.77,63.22,7.3,31.5281
17/01/2017,26.71,62.7,7.3,31.6468
18/01/2017,26.52,63.14,7.28,32.0226
19/01/2017,26.69,63.53,7.18,31.7259
20/01/2017,26.35,62.33,7.11,31.5973
23/01/2017,26.37,62.4,7.01,31.8149
24/01/2017,27.01,64.76,6.99,31.6072
25/01/2017,27.89,67.23,6.99,31.7259
27/01/2017,27.52,67.85,7,31.9534
30/01/2017,27.36,67.83,6.94,31.894
31/01/2017,26.64,66.68,6.87,31.2116
1/02/2017,27.08,67.04,6.98,31.6468
2/02/2017,27.04,67.19,6.99,31.8545
3/02/2017,26.2,64.53,6.9,31.3798
6/02/2017,25.91,64.89,6.87,31.2215
7/02/2017,25.96,65.16,6.95,31.2512
8/02/2017,25.74,65.69,6.88,31.0633
9/02/2017,25.42,65.25,6.93,31.0435
10/02/2017,25.88,65.95,6.99,31.1721
13/02/2017,26.45,68.32,7.13,31.6468
14/02/2017,26.21,68.51,7.12,31.4984
15/02/2017,26.54,68.4,7.11,31.5479
16/02/2017,26.94,69.27,7.05,31.3897
17/02/2017,26.64,67.79,7.19,31.3995
20/02/2017,26.47,67.64,7.07,31.093
21/02/2017,26.73,68.99,6.92,31.0336
22/02/2017,26.55,69.38,7.26,31.0633
23/02/2017,25.84,65.6,7.24,31.3402
24/02/2017,25.06,62.88,7.22,31.6567
27/02/2017,24.99,62.49,7.04,31.1127
28/02/2017,25,61.99,6.98,30.9941
1/03/2017,24.88,61.37,6.9,30.5391
2/03/2017,25.7,63.53,7.07,30.5886
3/03/2017,25.34,60.92,7.08,30.3611
6/03/2017,25.75,62.13,7.04,30.5985
7/03/2017,25.5,61.61,6.97,30.7369
8/03/2017,25.23,61.39,6.97,30.8853
9/03/2017,23.96,60.14,6.99,30.5589
10/03/2017,23.67,58.97,6.93,30.7172
13/03/2017,23.65,59.16,6.77,30.3908
14/03/2017,23.87,59.5,6.78,30.5985
15/03/2017,24.22,60.83,6.86,30.5688
16/03/2017,25.12,62.23,6.92,31.0138
17/03/2017,24.84,62.93,6.9,31.1919
20/03/2017,24.88,62.39,6.92,31.0237
21/03/2017,24.64,61.6,6.93,30.8853
22/03/2017,23.92,60,6.83,30.3414
23/03/2017,24.19,60,6.98,30.4897
24/03/2017,24.26,60.11,7,30.6578
27/03/2017,23.55,59.02,7,30.8655
28/03/2017,23.9,59.93,7.15,31.2809
29/03/2017,23.97,60.35,7.2,31.5874
30/03/2017,24.07,60.49,7.29,31.9731
31/03/2017,24.04,60.46,7.22,31.7259
3/04/2017,24,60.01,7.29,31.7753
4/04/2017,23.92,59.9,7.27,31.894
5/04/2017,24.75,61.72,7.34,32.4182
6/04/2017,24.67,60.68,7.33,32.2006
7/04/2017,24.59,60.01,7.42,32.6061
10/04/2017,25.73,60.84,7.49,32.8434
11/04/2017,25.41,62.03,7.53,33.3874
12/04/2017,25.32,61.89,7.59,33.4764
13/04/2017,24.31,59.15,7.5,32.7841
18/04/2017,23.93,58,7.35,32.6456
19/04/2017,23.92,58.9,7.21,32.3489
20/04/2017,23.65,58.67,7.17,31.9633
21/04/2017,24.04,60.24,7.22,31.7556
24/04/2017,23.94,59.82,7.27,32.0226
26/04/2017,24.08,60.5,7.35,32.1907
27/04/2017,23.87,59.8,7.3,31.8644
28/04/2017,23.72,60.44,7.22,31.8248
1/05/2017,23.88,59.85,7.18,31.8742
2/05/2017,23.76,59.96,7.09,31.9435
3/05/2017,23.21,59.39,7.23,31.7852
4/05/2017,23.24,58.32,7.28,32.1017
5/05/2017,22.62,57.15,7.15,31.2413
8/05/2017,22.97,58.48,7.31,31.7457
9/05/2017,23.16,58.79,7.37,31.983
10/05/2017,23.51,60,7.38,32.2105
11/05/2017,23.6,59.58,7.29,32.2698
12/05/2017,23.75,59.8,7.23,32.0918
15/05/2017,23.82,59.44,7.33,32.0819
16/05/2017,24.02,60.28,7.38,32.1314
17/05/2017,24.07,61.62,7.36,32.0621
18/05/2017,23.95,61.81,7.27,31.9435
19/05/2017,24.28,63.25,7.25,31.983
22/05/2017,24.63,65.2,7.38,32.5863
23/05/2017,24.34,64.74,7.42,32.7643
24/05/2017,24.2,63.88,7.46,32.9028
25/05/2017,24.5,64.8,7.44,33.3874
26/05/2017,24.01,63.64,7.32,32.4973
29/05/2017,23.84,62.67,7.23,32.2204
30/05/2017,24,63.27,7.15,31.8841
31/05/2017,23.9,62.81,7.11,31.7951
1/06/2017,23.73,61.75,7.09,31.7259
2/06/2017,24.07,62.82,7.11,31.6171
5/06/2017,23.66,62,7.1,31.5083
6/06/2017,23.34,61.47,6.96,31.1523
7/06/2017,23.19,61.68,6.94,31.1721
8/06/2017,23.31,62.1,6.88,30.6776
9/06/2017,23.54,62.94,6.8,29.9754
13/06/2017,23.67,62.61,6.89,30.5589
14/06/2017,23.69,62.59,6.87,30.7765
15/06/2017,23.01,60.28,6.73,30.2425
16/06/2017,22.99,60.08,6.78,30.1732
19/06/2017,23,60.05,6.75,29.9655
20/06/2017,22.96,59.72,6.65,29.5897
21/06/2017,22.1,58,6.46,28.9667
22/06/2017,22.15,58.37,6.6,28.9964
23/06/2017,22.41,58.83,6.55,28.9766
26/06/2017,22.45,59.57,6.53,29.0854
27/06/2017,22.46,59.85,6.51,29.0359
28/06/2017,22.89,61.34,6.6,29.6689
29/06/2017,23.48,63.39,6.9,30.1633
30/06/2017,23.28,63.27,6.82,29.5403
3/07/2017,23.23,63.6,6.8,29.5897
4/07/2017,23.76,64.1,6.88,29.9062
5/07/2017,24.15,65.2,6.7,29.7579
6/07/2017,24.3,64.36,6.61,29.8271
7/07/2017,24.59,65.04,6.48,29.0458
10/07/2017,24.52,65.1,6.47,29.0854
11/07/2017,24.78,65.62,6.5,29.1546
12/07/2017,24.88,65.67,6.54,28.9766
13/07/2017,25,65.39,6.54,29.1843
14/07/2017,25.13,65.53,6.67,29.7084
17/07/2017,25.17,65.92,6.78,29.9458
18/07/2017,25.1,64.94,6.73,29.2436
19/07/2017,24.83,64.5,6.6,29.4018
20/07/2017,24.97,64.38,6.72,29.5996
21/07/2017,24.49,63.05,6.64,29.1348
24/07/2017,24.4,62.62,6.51,28.2546
25/07/2017,24.56,63,6.5,28.314
26/07/2017,25.37,64.65,6.71,28.9766
27/07/2017,25.65,65.04,6.69,28.67
28/07/2017,25.33,64.24,6.59,28.5217
31/07/2017,25.85,65.79,6.64,28.848
1/08/2017,26.16,65.95,6.62,29.5007
2/08/2017,25.75,65.84,6.62,29.1447
3/08/2017,25.64,64.2,6.62,28.7887
4/08/2017,25.72,65.24,6.48,28.7195
7/08/2017,26.16,66.35,6.62,29.0953
8/08/2017,26.1,66.05,6.52,28.9766
9/08/2017,26.21,66.42,6.5,28.8678
10/08/2017,26.07,65.01,6.48,28.8579
11/08/2017,25.55,63.18,6.41,28.6997
14/08/2017,25.65,63.42,6.47,28.9074
15/08/2017,25.61,62.82,6.4,28.8184
16/08/2017,25.67,62.75,6.44,29.57
17/08/2017,25.92,63.61,6.44,28.9568
18/08/2017,25.39,63.19,6.4,28.8381
21/08/2017,25.7,64.15,6.39,29.1645
22/08/2017,25.98,64.77,6.6,29.1645
23/08/2017,26.04,64.97,6.7,29.4117
24/08/2017,26.6,66.96,6.87,28.9766
25/08/2017,26.68,67.33,6.95,29.0854
28/08/2017,26.89,66.5,6.97,29.2436
29/08/2017,26.87,66.6,6.92,29.2238
30/08/2017,26.95,66.7,6.85,28.9766
31/08/2017,27.38,67.84,6.71,28.5118
1/09/2017,27.42,68.28,6.75,28.6403
4/09/2017,27.48,67.68,6.69,28.5316
5/09/2017,27.62,68.12,6.59,28.4228
6/09/2017,27.73,68.25,6.7,28.6107
7/09/2017,27.33,68.75,6.77,28.8085
8/09/2017,27.29,68.5,6.72,28.5513
11/09/2017,26.8,67.53,6.83,28.5316
12/09/2017,27.12,68.8,6.79,28.2843
13/09/2017,27.38,69.53,6.73,27.9975
14/09/2017,26.89,68.38,6.78,28.225
15/09/2017,26.26,66.81,6.8,28.0865
18/09/2017,26.28,66.67,6.92,28.2052
19/09/2017,26.3,66.89,6.84,28.2052
20/09/2017,26.19,66.06,6.78,27.9382
21/09/2017,25.99,65.5,6.81,28.4524
22/09/2017,25.95,65.97,6.84,28.8678
25/09/2017,25.98,66.01,6.86,28.8184
26/09/2017,25.79,65.85,7.05,29.6491
27/09/2017,25.83,66.8,7.11,29.5205
28/09/2017,25.58,65.47,7.06,29.1052
29/09/2017,25.78,66.53,7,28.7788
2/10/2017,26.12,68,7.1,28.9766
3/10/2017,26.15,68.49,7.06,28.6997
4/10/2017,26,67.43,7.01,28.3832
5/10/2017,26.09,67.99,7.01,28.2546
6/10/2017,26.61,69.25,7.15,28.7096
9/10/2017,26.56,69.2,7.21,28.5316
10/10/2017,26.5,69.16,7.08,28.3733
11/10/2017,26.63,68.77,7.11,28.7392
12/10/2017,26.21,67.81,7.13,29.0557
13/10/2017,26.36,68.21,7.15,29.1447
16/10/2017,26.95,70.55,7.21,29.2436
17/10/2017,27.31,71.46,7.24,29.4315
18/10/2017,27.17,70.92,7.17,29.4612
19/10/2017,26.56,69.12,7.15,28.9271
20/10/2017,26.68,69.06,7.17,29.0359
23/10/2017,26.49,69.26,7.2,29.1447
24/10/2017,26.55,69.39,7.13,29.0755
25/10/2017,26.82,69.64,7.23,29.2238
26/10/2017,26.64,69.66,7.29,29.4711
27/10/2017,26.59,69.99,7.35,29.5106
30/10/2017,26.63,69.98,7.38,29.9062
31/10/2017,26.54,69.45,7.38,30.3908
1/11/2017,26.95,70.01,7.16,30.7666
2/11/2017,27.35,72.34,7.27,31.1029
3/11/2017,27.69,73.11,7.2,31.449
6/11/2017,27.67,73.23,7.26,31.8545
7/11/2017,28.75,74.74,7.47,32.9225
8/11/2017,28.49,74.24,7.49,32.4874
9/11/2017,28.63,74.64,7.5,32.5467
10/11/2017,28.07,72.95,7.4,32.2105
13/11/2017,28.28,73.75,7.42,31.8841
14/11/2017,27.95,73.04,7.26,30.8556
15/11/2017,27.35,71.05,7.14,30.4304
16/11/2017,27.27,71.2,7.23,30.549
17/11/2017,27.12,70.89,7.19,30.4403
20/11/2017,27.12,70.8,7.12,30.6084
21/11/2017,27.23,71.1,7.13,30.5589
22/11/2017,27.6,71.75,7.22,31.0138
23/11/2017,27.96,72.01,7.24,31.2018
24/11/2017,27.97,72.1,7.2,31.1721
27/11/2017,27.95,72.09,7.19,31.1127
28/11/2017,27.38,71.54,7.1,30.6875
29/11/2017,27.64,71.7,7.07,30.8062
30/11/2017,27.3,70.95,7.02,30.6578
1/12/2017,27.58,71.17,7.16,31.0336
4/12/2017,28.01,72.05,7.19,31.0435
5/12/2017,27.75,70.57,7.25,31.1721
6/12/2017,27.2,68.83,7.18,31.093
7/12/2017,27.14,69.46,7.19,31.1127
8/12/2017,27.17,69.2,7.26,31.2116
11/12/2017,27.2,69.48,7.3,31.3995
12/12/2017,27.65,70.25,7.38,31.9336
13/12/2017,27.69,70.14,7.38,31.8644
14/12/2017,27.7,69.78,7.39,31.7655
15/12/2017,27.71,70.57,7.42,31.5182
18/12/2017,28.25,71.43,7.4,31.3402
19/12/2017,28.47,72.33,7.48,31.7852
20/12/2017,28.44,72.97,7.46,32.0028
21/12/2017,28.84,73.66,7.53,32.2501
22/12/2017,29.1,74.28,7.66,32.3687
27/12/2017,29.35,74.62,7.76,32.5566
28/12/2017,29.51,74.89,7.8,32.8039
29/12/2017,29.57,75.81,7.79,32.7149
2/01/2018,29.68,76.5,7.8,32.8236
3/01/2018,30.18,78.19,7.78,33.1896
4/01/2018,30.33,77.85,8.06,34.0796
5/01/2018,30.58,78.25,8.01,34.1884
8/01/2018,30.55,78.04,7.98,34.0005
9/01/2018,31.06,79.87,8.06,34.2675
10/01/2018,30.96,79.26,7.97,34.0895
11/01/2018,30.84,79.25,7.85,33.8225
12/01/2018,31.53,80.62,7.97,34.0994
15/01/2018,31.9,81.8,7.87,34.1093
16/01/2018,31.66,81.26,7.75,33.4467
17/01/2018,30.74,78.45,7.72,33.2885
18/01/2018,30.78,78.83,7.7,33.0313
19/01/2018,30.69,78.01,7.66,32.9819
22/01/2018,30.78,78.15,7.66,32.7248
23/01/2018,30.79,78.51,7.69,33.1104
24/01/2018,30.68,78.2,7.9,33.5258
25/01/2018,30.85,78.81,7.88,33.6643
29/01/2018,30.73,79.08,7.81,33.7533
30/01/2018,30.34,78.56,7.71,33.0017
31/01/2018,30.2,76.85,7.57,32.7544
1/02/2018,30.66,77.7,7.65,33.1797
2/02/2018,30.81,78.25,7.87,33.8621
5/02/2018,30.15,76.5,7.67,32.9819
6/02/2018,29.33,75.43,7.42,31.6863
7/02/2018,29.86,78.31,7.56,32.2402
8/02/2018,29.45,77.54,7.44,31.5677
9/02/2018,29.13,76.86,7.38,31.0534
12/02/2018,29.56,78,7.38,30.9545
13/02/2018,29.9,78.87,7.36,30.7369
14/02/2018,30.02,78.89,7.36,30.7369
15/02/2018,31.39,82.09,7.53,30.7369
16/02/2018,31.52,82.48,7.44,30.7369
19/02/2018,31.43,82,7.59,28.63
20/02/2018,31.3,81.6,7.55,29.1
21/02/2018,29.81,80.26,7.58,29.42
22/02/2018,30.2,80.12,7.51,28.45
23/02/2018,30.68,80.85,7.56,28.58
26/02/2018,30.86,80.6,7.5,29.09
27/02/2018,31.11,81.61,7.55,28.73
28/02/2018,30.5,81.16,7.55,29.18
1/03/2018,30.1,77.85,7.21,28.61
2/03/2018,29.63,76.86,7.22,28.5
5/03/2018,29.11,75.73,7.19,28.55
6/03/2018,29.72,76.09,7.22,29
7/03/2018,29.42,75.34,7.12,28.8
8/03/2018,28.82,75.81,7.19,28.99
9/03/2018,28.32,73.8,7.08,28.6
12/03/2018,28.91,75.48,7.15,28.94
13/03/2018,28.67,74,7.07,28.86
14/03/2018,28.64,74.6,7.06,28.78
15/03/2018,28.86,76.06,7.09,28.63
16/03/2018,29.16,76.62,7.07,28.56
19/03/2018,29.23,76.64,7.18,28.99
20/03/2018,28.67,75.23,7.12,28.7
21/03/2018,28.92,75.23,7.2,28.8
22/03/2018,29.7,76.78,7.23,29.44
23/03/2018,28.77,73.44,7.14,29.34
26/03/2018,28.6,73.32,7.19,29.31
27/03/2018,28.99,74.16,7.36,29.5
28/03/2018,28.67,73.39,7.23,29.24
29/03/2018,28.21,72.7,7.15,29.24
3/04/2018,28.71,74.19,7.08,29.45
4/04/2018,28.71,74.18,7.2,29.65
5/04/2018,28.51,73.3,7.24,29.78
6/04/2018,28.64,73.22,7.31,30.11
9/04/2018,28.66,73.47,7.31,29.84
10/04/2018,28.88,75.5,7.4,30.07
11/04/2018,29.44,76.5,7.49,30.44
12/04/2018,29.64,76.7,7.59,30.48
13/04/2018,29.73,78.21,7.62,30.32
16/04/2018,29.98,77.96,7.69,30.52
17/04/2018,29.93,78.09,7.54,30.39
18/04/2018,30.07,78.96,7.7,30.72
19/04/2018,30.92,81.42,7.77,31.06
20/04/2018,30.86,80.53,7.84,31.42
23/04/2018,31.23,81.66,7.79,31.41
24/04/2018,31.27,79.52,7.81,31.79
26/04/2018,31.03,79.4,7.89,32.17
27/04/2018,31.11,79.65,7.96,32.25
30/04/2018,30.95,79.86,7.84,32.22
1/05/2018,31.25,79.7,7.91,32.42
2/05/2018,31.2,80.01,7.87,32.51
3/05/2018,31.52,81.37,7.96,32.65
4/05/2018,31.49,80.94,7.93,32.3
7/05/2018,31.95,81,8,32.55
8/05/2018,31.81,81.1,7.99,31.96
9/05/2018,32.19,81.67,8.09,32.35
10/05/2018,32.75,82.95,8.48,34
11/05/2018,33.16,83.88,8.5,33.52
14/05/2018,33.79,84.5,8.48,33.97
15/05/2018,33.55,83.61,8.47,33.51
16/05/2018,34.01,84.68,8.51,34.06
17/05/2018,34.44,86.75,8.55,34.29
18/05/2018,34.08,85.81,8.55,34.31
21/05/2018,33.94,85,8.5,34.48
22/05/2018,33.71,84.6,8.57,34.21
23/05/2018,33.88,84.76,8.41,33.8
24/05/2018,33.91,83.91,8.32,33.59
25/05/2018,33.07,83.17,8.21,32.86
28/05/2018,32.11,83.12,8.03,31.7
29/05/2018,32.28,83,8.11,31.8
30/05/2018,32.2,82.02,8.06,31.67
31/05/2018,32.79,82.97,8.27,32.41
1/06/2018,33.08,82.5,8.19,32.14
4/06/2018,33.2,83.1,8.23,32.23
5/06/2018,32.74,81.95,8.16,32.02
6/06/2018,33.39,84.01,8.37,32.91
7/06/2018,34.08,85.97,8.32,33.24
8/06/2018,34.07,86.6,8.38,33.48
12/06/2018,33.69,85.1,8.43,33.94
13/06/2018,33.25,84.11,8.3,33.62
14/06/2018,33.38,84.62,8.38,33.72
15/06/2018,33.56,85.7,8.5,34.27
18/06/2018,32.76,84.01,8.37,34
19/06/2018,32.36,82.14,8.47,34.36
20/06/2018,32.6,82.75,8.52,34.74
21/06/2018,32.76,83.1,8.5,34.9
22/06/2018,32.52,82.46,8.35,34.37
25/06/2018,32.98,83.25,8.51,34.9
26/06/2018,32.64,81.73,8.5,34.57
27/06/2018,33.23,82.08,8.69,35.05
28/06/2018,33.82,83.07,8.86,35.68
29/06/2018,33.91,83.44,8.9,35.46
2/07/2018,33.6,83.3,8.84,35.15
3/07/2018,33.05,80.8,8.9,35.45
4/07/2018,33.05,80.13,8.9,35.28
5/07/2018,32.87,79.21,8.91,35.47
6/07/2018,33.15,79.76,9.03,35.88
9/07/2018,33.86,80.91,9.08,36.1
10/07/2018,34.23,81.62,9.05,36.32
11/07/2018,33.78,80.16,9.03,36.15
12/07/2018,33.57,79.95,9.05,35.82
13/07/2018,33.33,79.84,9.02,35.63
16/07/2018,33.07,79.41,9.05,35.59
17/07/2018,32.5,79.16,8.8,34.73
18/07/2018,33.57,79.51,8.61,34.5
19/07/2018,33.61,80.62,8.57,34.2
20/07/2018,32.91,80.08,8.66,34.45
23/07/2018,32.45,79.88,8.7,34.72
24/07/2018,33.01,80.9,8.7,34.67
25/07/2018,33.75,82.1,8.69,34.66
26/07/2018,33.64,81.01,8.71,34.9
27/07/2018,34.4,81.38,8.9,35.63
30/07/2018,34.19,80.45,8.86,35.5
31/07/2018,34.86,81.2,8.98,36.14
1/08/2018,35.08,81.65,9.03,36.05
2/08/2018,33.92,77.65,8.99,35.79
3/08/2018,33.38,76.54,9.05,36.15
6/08/2018,34.1,77.02,9.08,36.44
7/08/2018,33.62,76.4,9.12,36.56
8/08/2018,33.94,77.19,9.12,36.55
9/08/2018,33.96,75.94,9.12,36.42
10/08/2018,33.72,75.37,8.89,35.95
13/08/2018,33.31,74.2,8.92,35.85
14/08/2018,33.82,74.28,9.11,36.28
15/08/2018,33.7,73.75,9.15,36.09
16/08/2018,32.84,72.92,9.05,36.5
17/08/2018,32.74,73.12,9.15,36.75
20/08/2018,33.17,73.35,9.22,37.48
21/08/2018,32.55,73,9,36.56
22/08/2018,32.08,71.69,9,36.68
23/08/2018,32.48,71.98,8.84,35.81
24/08/2018,32.71,71.93,8.94,35.81
27/08/2018,33.08,72.78,8.95,36.36
28/08/2018,33.38,73.48,8.94,37
29/08/2018,33.81,73.62,8.89,36.77
30/08/2018,33.78,73.14,9.02,37.07
31/08/2018,33.21,72.74,8.96,36.87
3/09/2018,33.01,71.77,8.96,36.7
4/09/2018,33.08,71.4,8.88,36.45
5/09/2018,32.2,69.68,8.73,36.28
6/09/2018,31.4,70.3,8.6,35.72
7/09/2018,31.3,71.5,8.42,35.28
10/09/2018,31.2,70.95,8.46,35.55
11/09/2018,31.2,71.32,8.68,36.12
12/09/2018,31.1,71.06,8.81,36.7
13/09/2018,31.31,72.27,8.73,36.75
14/09/2018,31.82,73.15,8.81,36.91
17/09/2018,31.61,73.01,8.85,37.07
18/09/2018,31.48,73.16,8.68,36.65
19/09/2018,32.4,75.4,8.75,36.93
20/09/2018,32.77,78.1,8.67,36.76
21/09/2018,33.58,79.49,8.61,36.95
24/09/2018,33.83,78.52,8.74,37.06
25/09/2018,34.1,79.11,8.9,37.99
26/09/2018,34.5,80.03,9.1,38.55
27/09/2018,34.48,79.23,9.05,38.64
28/09/2018,34.63,78.76,9.03,38.58
1/10/2018,34.61,78.65,9.03,38.45
2/10/2018,34.7,78.07,9.04,38.4
3/10/2018,35.08,79.5,9.05,38.64
4/10/2018,35.41,79.95,9.16,39
5/10/2018,35.5,80.06,9.22,39
8/10/2018,34.5,78.76,9.07,38.22
9/10/2018,34.63,78.71,8.91,37.7
10/10/2018,34.72,79.17,8.89,38.03
11/10/2018,33.4,76.61,8.53,36.65
12/10/2018,33.84,78.03,8.38,36
15/10/2018,33.34,77.5,8.36,36.11
16/10/2018,33.9,78.7,8.37,35.9
17/10/2018,33.66,78.51,8.33,36.3
18/10/2018,33.2,78.79,8.48,36
19/10/2018,33.1,77.45,8.56,36.17
22/10/2018,33.16,78.28,8.51,35.78
23/10/2018,32.79,77.67,8.14,34.75
24/10/2018,32.07,77,7.98,34.3
25/10/2018,30.8,73.52,7.87,33.6
26/10/2018,31.2,74.16,7.77,33.26
29/10/2018,31.65,74.7,7.78,33.93
30/10/2018,32.22,76.5,7.71,34.08
31/10/2018,32.21,76.4,7.77,34.85
1/11/2018,33.11,78,7.76,34.53
2/11/2018,33.5,78.37,7.66,34.18
5/11/2018,33.11,79.61,7.56,33.4
6/11/2018,33.55,81.25,7.72,33.98
7/11/2018,33.39,81.25,7.71,34.05
8/11/2018,33.33,81.48,7.81,34.22
9/11/2018,33.41,81.23,7.7,33.77
12/11/2018,33.41,82.58,7.87,34.2
13/11/2018,32.85,80.51,7.66,33.39
14/11/2018,32.11,78.44,7.46,32.56
15/11/2018,32.04,77.84,7.56,33.06
16/11/2018,32.36,79.31,7.5,33.02
19/11/2018,32.4,79.44,7.46,32.55
20/11/2018,32.69,79.88,7.33,32.32
21/11/2018,31.6,77.3,7.34,31.64
22/11/2018,31.78,77.02,7.35,31.85
23/11/2018,31.55,76.78,7.45,32.1
26/11/2018,30.43,74.05,7.15,31.37
27/11/2018,30.87,73.6,7.21,31.45
28/11/2018,30.61,72,7.23,31.54
29/11/2018,30.98,73.25,7.32,31.17
30/11/2018,30.69,73.28,7.31,31.06
3/12/2018,31.82,74.99,7.68,32.16
4/12/2018,31.62,73.51,7.52,31.74
5/12/2018,31.83,73.71,7.4,31.58
6/12/2018,31.4,72.21,7.38,31.55
7/12/2018,31.18,72.32,7.29,31.03
10/12/2018,31.29,71.95,7.33,31.1
11/12/2018,31.72,72.88,7.25,30.9
12/12/2018,32.19,74.1,7.38,31.61
13/12/2018,32.81,75.69,7.37,31.5
14/12/2018,32.4,74.57,7.2,31.16
17/12/2018,33.53,76.17,7.23,31.14
18/12/2018,33.5,76.05,7.04,30.75
19/12/2018,33.49,76.6,6.85,30.19
20/12/2018,32.62,75.11,6.77,29.69
21/12/2018,33.36,75.66,6.83,29.92
24/12/2018,33.5,77.22,6.89,29.82
27/12/2018,34.15,77.66,7.1,31.06
28/12/2018,33.95,78.08,7.14,31.35
31/12/2018,34.23,78.47,7.16,31.32
2/01/2019,33.68,76.65,6.94,30.49
3/01/2019,33.68,76.65,7.12,31.54
4/01/2019,33.38,76.83,7.18,31.91
7/01/2019,34.39,78.9,7.4,32.32
8/01/2019,34.43,79.3,7.33,32.42
9/01/2019,34.3,80.02,7.52,33.15
10/01/2019,33.14,80.13,7.63,33.37
11/01/2019,32.79,79.65,7.61,33.26
14/01/2019,32.71,79.4,7.55,33.08
15/01/2019,33.06,80,7.62,33.46
16/01/2019,32.93,79.64,7.6,33.52
17/01/2019,32.87,80.4,7.64,33.74
18/01/2019,33.11,80.65,7.72,33.89
21/01/2019,33.2,80.51,7.8,33.94
22/01/2019,32.77,80.01,7.58,33.66
23/01/2019,32.63,79.6,7.5,33.21
24/01/2019,32.62,79.6,7.64,33.85
25/01/2019,33.05,80.47,7.76,34.28
29/01/2019,33.74,83.53,7.56,33.94
30/01/2019,34.6,87.3,7.64,34.3
31/01/2019,34.83,87.05,7.81,34.32
1/02/2019,35,87.57,7.75,33.88
4/02/2019,35,86.67,7.74,34.1
5/02/2019,35.39,89.26,7.9,34.5
6/02/2019,35.98,90.98,7.91,34.32
7/02/2019,35.87,92.2,8,34.72
8/02/2019,35.33,90.57,7.72,34.14
11/02/2019,36.04,92.2,7.66,34.4
12/02/2019,36.28,92.02,7.75,34.6
13/02/2019,36.08,91.06,7.91,34.86
14/02/2019,36.67,91.9,8.02,35.53
15/02/2019,36.47,91.3,8.11,36.06
18/02/2019,37,92.6,8.16,36.89
19/02/2019,37.01,92.52,8.04,37.01
20/02/2019,37.94,94.94,8.18,37.3
21/02/2019,37.85,94.69,8.36,37.06
22/02/2019,37.69,94.7,8.37,35.51
25/02/2019,38.03,95.13,8.4,35.77
26/02/2019,37.55,94.56,8.3,35.7
27/02/2019,37.68,95.12,8.35,36.06
28/02/2019,37.23,96.16,8.37,36.25
1/03/2019,37.18,94.92,8.21,35.66
4/03/2019,37.62,96.43,8.26,35.58
5/03/2019,37.3,95.61,8.16,35.7
6/03/2019,37.62,96.65,8.21,35.61
7/03/2019,37.37,92.05,8.24,35.77
8/03/2019,36.88,90.6,8.06,35.31
11/03/2019,36.52,89.99,7.9,34.7
12/03/2019,36.91,91.13,7.9,34.96
13/03/2019,36.87,90.91,7.85,34.51
14/03/2019,37.16,91.77,8,34.99
15/03/2019,36.48,91.65,7.99,35.29
18/03/2019,36.98,93.17,8.01,35.28
19/03/2019,37.59,94.75,8.02,35.45
20/03/2019,37.2,92.09,8.03,35.38
21/03/2019,37.68,93.5,8.14,35.55
22/03/2019,37.61,94.17,8.27,35.8
25/03/2019,37.13,93.13,8,34.79
26/03/2019,37.55,93.8,7.92,34.43
27/03/2019,37.9,95.23,7.89,34.38
28/03/2019,38.24,96.41,7.91,34.84
29/03/2019,38.49,97.91,7.85,34.62
1/04/2019,39.05,99.53,7.9,34.78
2/04/2019,39.03,98.43,8.06,34.94
3/04/2019,39.91,100.32,8.06,34.85
4/04/2019,39.42,99.63,7.92,34.13
5/04/2019,39.22,99.91,7.88,34.1
8/04/2019,39.89,101.48,7.97,34.56
9/04/2019,40.03,101.58,8.15,35.5
10/04/2019,39.89,101.83,8.06,35.15
11/04/2019,39.64,100.48,7.99,35.4
12/04/2019,39.58,100.5,7.99,35.76
15/04/2019,39.54,100.75,8.08,35.84
16/04/2019,39.37,101.2,8.05,35.53
17/04/2019,38.3,96.4,8.04,35.3
18/04/2019,38.23,97.74,8.06,35.65
23/04/2019,38.33,99.21,8.2,36.56
24/04/2019,38.2,98.39,8.18,36.75
26/04/2019,37.6,97.62,8.07,36.21
29/04/2019,37.82,97.75,7.97,35.9
30/04/2019,37.4,95.37,7.78,35.39
