Date,ASA51,XNDX,SPXT,CACR,DAX,NKYTR,HSI1,KSP2TR
1/04/2014,45520.9,3966.59,3399.51,9898.62,9603.71,21573.21,52295.44,268.27
2/04/2014,45640.26,3974.86,3409.8,9907.87,9623.36,21798.29,52472.45,269.05
3/04/2014,45698.29,3944.05,3406,9949.17,9628.82,21981.41,52568.28,268.68
4/04/2014,45809.42,3837.58,3363.41,10027.94,9695.77,21969.58,52440.15,268.81
7/04/2014,45733.86,3803.29,3327.27,9919.55,9510.85,21597.79,52130.47,269.25
8/04/2014,45707.71,3836.43,3340.84,9894.4,9490.79,21303.23,52642.58,269.85
9/04/2014,46157.14,3904.24,3377.61,9934.3,9506.35,20855.21,53227.67,270.62
10/04/2014,46301.16,3782.05,3307.08,9869.03,9454.54,20855.84,54028.76,271.86
11/04/2014,45861,3737.68,3276.04,9762.53,9315.29,20359.87,53601.59,269.91
14/04/2014,45272.18,3767.82,3302.98,9810.35,9339.17,20287.11,53683.53,269.89
15/04/2014,45518.94,3782.15,3325.3,9722.62,9173.71,20413.48,52827.11,269.09
16/04/2014,45790.61,3831.2,3360.27,9857.55,9317.82,21027.29,52884.78,269.18
17/04/2014,46077.11,3832.77,3365,9916.08,9409.71,21027.07,53034.45,269
22/04/2014,46288.95,3891.62,3391.58,10033.32,9600.09,20985.13,52979.23,270.96
23/04/2014,46613.86,3857.24,3384.5,9959.18,9544.19,21214.83,52472.59,270.6
24/04/2014,46729.59,3894.11,3390.39,10027.18,9548.68,21008.78,52596.53,270.48
28/04/2014,46772.42,3844.53,3374.04,9991.34,9446.36,20838.5,51607.43,266.05
30/04/2014,46375.34,3884.66,3400.46,10071.44,9603.23,20861.66,51610.78,264.52
2/05/2014,46113.29,3890.8,3395.61,10024.7,9556.02,21085.39,51906.22,264.25
7/05/2014,45927.53,3847.41,3392.1,10010.36,9521.3,20466.92,50890.1,261.43
8/05/2014,46273.96,3843.87,3388.29,10149.17,9607.4,20657,51102.71,262.97
9/05/2014,46217.41,3860.46,3394.05,10083.28,9581.45,20709.23,51163.25,263.46
12/05/2014,46112.46,3922.58,3427.01,10173.46,9702.46,20636.21,52103.25,265
13/05/2014,46533.54,3923.68,3429.3,10199.21,9754.43,21038.62,52340.77,267.69
14/05/2014,46712.96,3904.47,3413.84,10201.98,9754.39,21009.92,52880.26,271.86
15/05/2014,46834.86,3874.13,3382.52,10076.08,9656.05,20853.06,53227.04,271.83
16/05/2014,46565.33,3898.06,3395.21,10112.79,9629.1,20559.01,53197.68,272.42
19/05/2014,45969.83,3928.95,3408.52,10143.37,9659.39,20427.53,53194.29,272.89
20/05/2014,46068.49,3912.54,3386.48,10126.36,9639.08,20527.89,53524.65,272.5
21/05/2014,46104.31,3951.1,3414.45,10164.3,9697.87,20479.64,53660.46,271.84
22/05/2014,46574.87,3967.67,3422.99,10187.27,9720.91,20910.78,53974.88,272.8
23/05/2014,46684.13,3996.44,3437.58,10221.56,9768.01,21092.24,54015.16,272.89
27/05/2014,46846.98,4046.25,3458.19,10313.11,9940.82,21346.52,54054.41,269.72
28/05/2014,46979.88,4034.72,3454.88,10317.39,9939.17,21396.73,54409.42,272.47
29/05/2014,46919.43,4060.28,3473.86,10324.97,9938.9,21412.44,54244.67,272.01
30/05/2014,46690.53,4061.48,3480.29,10304.07,9943.27,21340.48,54420.73,269.29
3/06/2014,46583.49,4054.83,3482,10298.2,9919.74,21926.59,54935.06,271.65
5/06/2014,46219.84,4105.85,3512.21,10402.2,9947.83,21992.39,54565.32,269.93
10/06/2014,46503.64,4131.98,3531.62,10508.02,10028.8,21869.05,55069.55,272.09
11/06/2014,46373.41,4129.7,3519.52,10422.79,9949.81,21977.97,54945.15,272.07
12/06/2014,46159.18,4092.68,3495.57,10421.15,9938.7,21838.03,54925.52,271.44
13/06/2014,45957.27,4105.56,3506.58,10395.71,9912.87,22019.33,55279.77,268.06
16/06/2014,46019.04,4110.31,3509.54,10319.67,9883.98,21779.58,55250.65,268.76
17/06/2014,45920.02,4111.89,3517.23,10379.21,9920.32,21841.83,55020.45,269.8
18/06/2014,45767.4,4137.21,3544.42,10366.16,9930.33,22045.77,54968.59,268.01
19/06/2014,46494.23,4133.07,3549.44,10440.91,10004,22403.62,55077.41,268.14
20/06/2014,46079.91,4135.07,3555.6,10391.27,9987.24,22387.12,55140.01,264.49
23/06/2014,46367.56,4137.98,3555.14,10332.3,9920.92,22417.46,54214.63,266
24/06/2014,46193.05,4131.69,3532.57,10338.63,9938.08,22428.06,54394.91,269.09
25/06/2014,45959.71,4162.08,3549.96,10220.44,9867.75,22269.61,54370.16,267.44
26/06/2014,46573.03,4161.86,3546.38,10172.41,9804.9,22351.25,55157.5,269.38
27/06/2014,46411.52,4180.92,3553.35,10166.34,9815.17,22040.55,55213.82,268.21
30/06/2014,45991.23,4186.87,3552.18,10133.93,9833.07,22141.62,55140.59,270.05
2/07/2014,46500.64,4242.06,3579.11,10186.2,9911.27,22445.18,56230.6,271.58
3/07/2014,46806.17,4267.89,3598.73,10291.58,10029.43,22413.52,56236.75,270.64
7/07/2014,47042.82,4254.5,3584.75,10098.76,9906.07,22459.01,56266.97,269.42
8/07/2014,46974.95,4203.87,3560.53,9953.83,9772.67,22364.04,56268.06,269.4
9/07/2014,46476.66,4235.71,3577.28,9993.51,9808.2,22346.87,55394.92,268.3
10/07/2014,46578.63,4221.7,3562.49,9859.24,9659.13,22221.02,55622.91,268.61
11/07/2014,46769.1,4248.4,3568.08,9894.17,9666.34,22144.46,55609.64,266.07
14/07/2014,46978.86,4275.48,3585.37,9971.05,9783.01,22338.36,55880.64,266.64
15/07/2014,46977.99,4259.15,3578.46,9868.52,9719.41,22481.97,56151.79,269.88
16/07/2014,47043.55,4278.6,3593.91,10014.65,9859.27,22458.81,56303.34,270.32
17/07/2014,47073.99,4219.49,3551.73,9893.29,9753.88,22445.61,56297.58,271.47
18/07/2014,47152.7,4286.82,3588.21,9937.28,9720.02,22219.92,56139.42,271.19
22/07/2014,47251.83,4310.47,3597.95,10015.71,9734.33,22406.21,56922.88,272.43
23/07/2014,47536.97,4337.27,3604.3,10031.3,9753.56,22384.71,57377.07,272.12
24/07/2014,47631.2,4334,3606.1,10109.99,9794.06,22320.25,57783.08,272.29
25/07/2014,47594.59,4314.39,3588.68,9926.37,9644.01,22573.54,57961.42,273.07
28/07/2014,47542.44,4316.65,3589.73,9958.98,9598.17,22678,58470.32,275.21
29/07/2014,47636.63,4308.04,3573.65,10006.66,9653.63,22808.92,58977.52,277.78
30/07/2014,47930.29,4326.71,3574.45,9884.54,9593.68,22850.05,59196.94,281.06
31/07/2014,48015.77,4235.83,3503.19,9732.89,9407.48,22812.87,59255.91,279.52
1/08/2014,47363.67,4221.87,3493.18,9633.5,9210.08,22670.25,58718.76,278.36
4/08/2014,47231.57,4253.62,3518.31,9666.61,9154.14,22599.26,58880.7,279.49
5/08/2014,47041.36,4218.08,3484.56,9702.49,9189.74,22374.08,58996.01,277.4
6/08/2014,46985.38,4217.49,3485.67,9643.5,9130.04,22139.71,58842.52,276.33
7/08/2014,46959.91,4202.53,3467.14,9512.13,9038.97,22245.71,58372.03,275.33
8/08/2014,46331.71,4235.5,3507.21,9507.5,9009.32,21582.68,58242.76,271.58
11/08/2014,46516.88,4259.87,3517.53,9621.86,9180.74,22097.08,58995.85,272.93
12/08/2014,47143.73,4254.61,3511.96,9540.39,9069.47,22142.05,59113.89,272.95
13/08/2014,47026.2,4302.66,3536.42,9615.2,9198.88,22218.46,59594.97,275.61
14/08/2014,47314.43,4324.46,3551.97,9639.57,9225.1,22365.88,59381.95,275.58
18/08/2014,47647.34,4380.44,3582.7,9697.39,9245.33,22377.61,59761.43,273.88
19/08/2014,48090.45,4404.49,3601.33,9751.94,9334.28,22563.36,60177.47,276.35
20/08/2014,48202.77,4405.12,3610.49,9720.63,9314.57,22570.17,60345.42,276.53
21/08/2014,48239.2,4412.01,3621.23,9840.15,9401.53,22762.58,59948.11,272.11
22/08/2014,48299.9,4418.25,3614.5,9748.16,9339.17,22693.93,60231.43,273.9
25/08/2014,48208.11,4434.55,3631.86,9952.86,9510.14,22802.09,60369.44,274.11
26/08/2014,48244.74,4439.13,3635.71,10070.47,9588.15,22667.69,60147.77,274.81
27/08/2014,48471.98,4440.86,3636.64,10074.71,9569.71,22700.39,59780.15,275.58
28/08/2014,48250.97,4433.33,3630.98,10007.73,9462.56,22590.85,59364,275.9
29/08/2014,48315.27,4451.78,3643.34,10042.1,9470.17,22539.31,59366.55,275.09
2/09/2014,48644.41,4466.23,3641.52,10035.89,9507.02,22895.87,59397.31,272.18
3/09/2014,48729.01,4439.33,3639.35,10135.69,9626.49,22983.18,60763.63,271.83
4/09/2014,48515.23,4434.07,3633.87,10303.18,9724.26,22906.95,60784.36,272.78
5/09/2014,48241.26,4460.01,3652.26,10283.81,9747.02,22895.99,60648.24,271.64
11/09/2014,47877.98,4463.6,3635.66,10179.32,9691.28,23247.44,59365.71,269.27
12/09/2014,47749.05,4438.06,3614.06,10181.16,9651.13,23304.56,59206.46,270.92
16/09/2014,47013.21,4435.93,3638.6,10106.54,9632.93,23250.84,58133.34,270.98
17/09/2014,46688.72,4442.87,3643.4,10157.56,9661.5,23217.83,58712.35,273.63
18/09/2014,46762.75,4475.06,3661.73,10233.87,9798.13,23479.25,58213.23,271.26
19/09/2014,46911.54,4471.8,3660.03,10225.9,9799.26,23849.83,58549.33,271.87
22/09/2014,46309.71,4429.42,3630.7,10183.11,9749.54,23681.39,57704.61,269.63
24/09/2014,46425.58,4465.61,3638.44,10132,9661.97,23625.2,57633.15,268.31
25/09/2014,46482.56,4371.28,3579.61,9997.83,9510.01,23927.23,57263.39,267.87
26/09/2014,45891.5,4421.58,3610.98,10088.44,9490.55,23853.46,57047.23,267.74
29/09/2014,45469.35,4414.92,3602.09,10004.24,9422.91,23972.18,55965.94,267.35
30/09/2014,45716.65,4418.35,3592.25,10137.79,9474.3,23770.65,55253.5,266.13
6/10/2014,45718.34,4382.28,3579.42,9840,9209.51,23355.23,56174.01,258.28
7/10/2014,45644.64,4319.35,3525.29,9662.36,9086.21,23197.79,56432.97,259.05
8/10/2014,45274.13,4409.52,3588.07,9568.2,8995.33,22921.7,56049.44,257.42
10/10/2014,44816.69,4223.73,3474.23,9351.48,8788.81,22487.5,55628.3,254
14/10/2014,44982.33,4157.83,3422.43,9393.08,8825.21,21952.46,55530.56,253.39
15/10/2014,45312.48,4131.44,3395.03,9051.82,8571.95,22153.83,55752.4,252.77
16/10/2014,45392.64,4108.85,3395.64,9003.35,8582.9,21661.27,55176.32,251.65
17/10/2014,45538.01,4163.62,3439.39,9266.57,8850.27,21358.7,55470.89,248.59
20/10/2014,45950.21,4223.21,3470.89,9170.21,8717.76,22209.26,55590.49,252.8
21/10/2014,45998.51,4333.77,3538.9,9376.98,8886.96,21758.19,55634.62,250.29
22/10/2014,46524.03,4310.05,3513.47,9431.79,8940.14,22333.57,56394.61,253.03
23/10/2014,46500.42,4378.45,3556.7,9552.62,9047.31,22250.08,56301.74,252.26
24/10/2014,46751.91,4410.92,3581.82,9486.49,8987.8,22474.48,56227,251.77
27/10/2014,47155.36,4415.28,3576.47,9412.59,8902.61,22617.94,55851.8,252.79
28/10/2014,47100.46,4481.42,3619.16,9449.19,9068.19,22531.5,56761.93,252.18
29/10/2014,47057.97,4464.23,3614.53,9444.53,9082.81,22860.61,57484.75,257.71
30/10/2014,47305.95,4475.44,3637.3,9514.84,9114.84,23014.44,57200.38,257.92
31/10/2014,47741.32,4538.28,3679.99,9725.87,9326.87,24125.54,57914.76,259.59
4/11/2014,47687.85,4536.19,3669.18,9489.45,9166.47,24785.58,57546.97,255.51
5/11/2014,47670.17,4534.05,3691.38,9669.19,9315.48,24895.57,57184.88,254.84
6/11/2014,47569.05,4548.83,3706.45,9713.44,9377.41,24683.48,57073.13,256.22
7/11/2014,48112.85,4545.08,3708.46,9626.62,9291.83,24812.8,56834.04,256.43
10/11/2014,47994.23,4562.63,3720.25,9702.27,9351.87,24666.03,57303.33,259.8
11/11/2014,47934.66,4574.89,3722.84,9754.23,9369.03,25171.49,57456.77,259.6
12/11/2014,47479.66,4584.18,3721.3,9606.64,9210.96,25278.71,57770.25,260.44
13/11/2014,47304.35,4604.04,3723.58,9627.03,9248.51,25566.61,57967.56,259.25
14/11/2014,47405.5,4616.61,3724.92,9660.4,9252.94,25710.72,58130.32,257.25
17/11/2014,47042.22,4604.38,3727.86,9714.72,9306.35,24950.74,57429.74,257.37
18/11/2014,46931.35,4638.29,3747.74,9798.13,9456.53,25495.01,56804.73,259.81
19/11/2014,46663.25,4616.99,3742.35,9806.88,9472.8,25413.71,56430.97,259.48
20/11/2014,46210.23,4638.67,3749.87,9733.38,9483.97,25431.58,56373.81,258.06
21/11/2014,46108.87,4648.76,3770.03,9993.18,9732.55,25514.85,56596.63,259.03
25/11/2014,46375.22,4689.24,3776.94,10073.82,9861.21,25588.51,57578.94,260.92
26/11/2014,46909.18,4722.63,3788.42,10053.38,9915.56,25553.17,58243.83,261.21
28/11/2014,46187.8,4744.28,3778.96,10091.9,9980.85,25665.29,57943.03,262.97
1/12/2014,45280.07,4689.62,3753.31,10062.36,9963.51,25856.75,56445.37,260.78
2/12/2014,45920.99,4709.47,3777.47,10091.56,9934.08,25964.23,57145.95,260.59
3/12/2014,46273.96,4717.21,3792.69,10099.74,9971.79,26048.33,56600.72,260.84
4/12/2014,46684.42,4716.12,3788.34,9943.42,9851.35,26293.49,57576.6,263.34
5/12/2014,46393.48,4715.72,3794.68,10167.46,10087.12,26342.35,57987.5,263.53
8/12/2014,46718.47,4679.42,3767.7,10066.26,10014.99,26364.68,58096.27,262.98
9/12/2014,45935.52,4697.28,3766.83,9809.64,9793.71,26184.96,56738.94,262.46
10/12/2014,45729.73,4621.17,3705.51,9726.74,9799.73,25595.8,56832.4,258.46
11/12/2014,45485.98,4645.06,3723.32,9722.03,9862.53,25367.69,56320.29,254.51
12/12/2014,45386.85,4593.44,3663.1,9453.03,9594.73,25535.53,56167.27,255.44
15/12/2014,45095.61,4547.64,3639.97,9231.46,9334.01,25135.44,55632.53,255.26
16/12/2014,44802.28,4473.46,3609.06,9433.87,9563.89,24629.66,54769.21,253.35
17/12/2014,44885.03,4556.13,3682.7,9476.98,9544.43,24724.34,54564.67,252.61
18/12/2014,45310.39,4668.45,3771.72,9794.08,9811.06,25298.1,55159.87,252.71
19/12/2014,46424.08,4683.77,3788.97,9777.73,9786.96,25902.77,55847,257
22/12/2014,47329.22,4696.78,3803.94,9807.21,9865.76,25922.97,56552.28,258.8
29/12/2014,47686,4718.16,3826.95,9953.57,9927.13,26093.81,57433.15,258.8
30/12/2014,47188.09,4685.11,3808.69,9786.72,9805.55,25683.09,56775.83,256.44
5/01/2015,47481.69,4553.78,3700.03,9477.4,9473.16,25621.19,57307.85,256.66
6/01/2015,46736.61,4498.91,3667.14,9413.18,9469.66,24847.76,56737.92,252.11
7/01/2015,46639.13,4552.84,3710.94,9480.55,9518.18,24850.91,57211.08,252.74
8/01/2015,46881.66,4641,3777.4,9820.48,9837.61,25265.6,57583.79,256.32
9/01/2015,47614.49,4611.19,3745.67,9633.49,9648.5,25310.68,57787.74,258.54
13/01/2015,47084.1,4559.68,3706.15,9889.84,9941,25148.76,58502.89,258.79
14/01/2015,46639,4537.44,3684.72,9735.31,9817.08,24719.38,58253.15,258.47
15/01/2015,46446.09,4475.94,3650.74,9965.72,10032.61,25179.65,58828.88,258.23
16/01/2015,46166.18,4533.39,3699.79,10095.78,10167.77,24819.75,58231.21,254.51
20/01/2015,46239.62,4565.21,3705.64,10249.75,10257.13,25558.77,57863.12,259.78
21/01/2015,46986.35,4588.06,3723.62,10339.21,10299.23,25432.46,58832.9,261.2
22/01/2015,47217.72,4673.72,3780.51,10497.22,10435.62,25503.9,59243.74,261.07
23/01/2015,47931.05,4682.23,3759.76,10699.88,10649.58,25772.83,60035.69,263.01
27/01/2015,48326.62,4558.96,3718.99,10661.88,10628.58,26150.41,59931.4,264.98
28/01/2015,48375.04,4531.88,3669.1,10631.28,10710.97,26192.58,60063.14,264.99
29/01/2015,48520.54,4576.86,3704.35,10678.51,10737.87,25913.65,59420.61,263.15
30/01/2015,48684.64,4540.83,3656.28,10615.84,10694.32,26013.99,59206.09,262.54
2/02/2015,49007.15,4584.86,3703.77,10669.85,10828.01,25844.18,59152.2,263.31
3/02/2015,49721.74,4629.49,3757.34,10785.66,10890.95,25517.13,59321.41,263.07
4/02/2015,50331.37,4621.9,3742.84,10828.08,10911.32,26021.84,59623.33,264.35
5/02/2015,50624.39,4662.92,3782.11,10844.24,10905.41,25765.55,59830.45,262.44
6/02/2015,50704.49,4633.02,3770.2,10815.93,10846.39,25977.33,59622.43,262.84
9/02/2015,50660.15,4619.22,3754.36,10723.83,10663.51,26070.69,59239.8,261.89
10/02/2015,50536,4691.09,3794.62,10826.59,10753.83,25983.48,59274.38,260.21
12/02/2015,50072.25,4764.9,3833.35,10897.03,10919.65,26464.86,59018.34,260.27
13/02/2015,51239.53,4804.53,3849.29,10973.47,10963.4,26367.18,59647.61,262.42
17/02/2015,51187.89,4808.67,3856.04,10961.11,10895.62,26475.71,59894.91,263.06
23/02/2015,51651.91,4879.03,3874.46,11210.82,11130.92,27181.99,60020.28,263.51
24/02/2015,51885.35,4880.86,3885.27,11266.48,11205.74,27383,59810.78,264.01
25/02/2015,52160.57,4869.62,3882.95,11256.75,11210.27,27369.59,59878.96,265.78
26/02/2015,51847.2,4893.46,3877.85,11322.24,11327.19,27664.99,60180.73,265.75
27/02/2015,52038.06,4869.77,3866.42,11416.45,11401.66,27682.88,59990.35,264.21
2/03/2015,52329.18,4916.91,3890.32,11337.69,11410.36,27725.5,60152.38,266.51
3/03/2015,52130.59,4890.29,3872.71,11226.85,11280.36,27708.24,59706.07,267.4
4/03/2015,51888.93,4875.63,3856.51,11337.76,11390.38,27543.95,59132.26,267.2
5/03/2015,51920.4,4883.02,3861.29,11444.19,11504.01,27614.99,58622.49,267.04
6/03/2015,51887.15,4825.08,3807.04,11446.13,11550.97,27937.74,58552.11,268.93
9/03/2015,51205.35,4840.6,3822.42,11383.53,11582.11,27672,58465.54,265.58
10/03/2015,51234.41,4748.56,3757.83,11256.14,11500.38,27487.27,57917.62,264.51
11/03/2015,51066.42,4722.91,3751.2,11523.14,11805.99,27573.29,57527.27,264.94
12/03/2015,51569.92,4756.84,3799.43,11499.11,11799.39,27967.36,57731.95,262.96
13/03/2015,51258.86,4733.44,3776.44,11552.44,11901.61,28354.87,57793.2,264.96
16/03/2015,51128,4794.4,3827.62,11669.32,12167.72,28342.81,58126.8,265.23
17/03/2015,51520.11,4800.06,3814.91,11595.01,11980.85,28624,58010.16,271.26
18/03/2015,51555.54,4851.57,3861.39,11605.38,11922.77,28782.97,58545.21,271.3
19/03/2015,52512.7,4856.31,3842.62,11614.05,11899.4,28682.94,59391.87,272.11
20/03/2015,52731.27,4891.1,3877.26,11730.03,12039.37,28806.15,59164.55,271.81
23/03/2015,52561.88,4876.85,3870.49,11669,11895.84,29092.06,59454.04,272.07
24/03/2015,52677.07,4860.88,3847.05,11752.31,12005.69,29031.81,59223.68,272.29
25/03/2015,52720.68,4749.39,3791.13,11596.9,11865.32,29081.2,59535.91,272.06
26/03/2015,51890.2,4734.15,3782.21,11563.08,11843.68,28676.21,59460.29,268.96
27/03/2015,52255.66,4753.75,3791.9,11627.08,11868.33,28568.63,59433.87,268.49
30/03/2015,51604.41,4809.16,3838.65,11741.32,12086.01,28754.94,60329.33,269.08
31/03/2015,52006.71,4756.38,3805.27,11626.11,11966.17,28452.14,60440.43,270.32
1/04/2015,51737.23,4731.76,3790.66,11692.13,12001.38,28197.13,60881.85,267.89
2/04/2015,52071.18,4736.98,3804.14,11719.66,11967.39,28608.87,61350.04,267.91
8/04/2015,52622.42,4803.25,3833.2,11864.52,12035.86,29315.49,63685.45,271.61
9/04/2015,52370.69,4833.97,3850.29,12031.04,12166.44,29534.6,65402.85,271.42
10/04/2015,52690.39,4853.8,3870.31,12103.8,12374.73,29490.9,66199.03,275.22
13/04/2015,52618.9,4839.74,3852.93,12135.35,12338.73,29487.69,68004.83,276.83
14/04/2015,52497.8,4827.05,3859.22,12052.06,12227.6,29492.46,66900.76,279.03
15/04/2015,52161.14,4856.56,3879.1,12135.88,12231.34,29434.8,67051.81,279.24
16/04/2015,52510.55,4850.3,3876.17,12066.91,11998.86,29458.52,67345.3,282.06
17/04/2015,51896.02,4776.72,3832.33,11879.31,11688.7,29113.52,67135.11,281.88
20/04/2015,51500.9,4848.73,3867.82,11981.7,11891.91,29086.28,65779.95,282.16
21/04/2015,51847.23,4869.12,3862.15,12013.53,11939.58,29493.07,67614.27,281.76
22/04/2015,51539.54,4896.38,3881.93,12056.21,11867.37,29826.1,67816.63,282.25
23/04/2015,51604.47,4914.22,3891.46,11981.77,11723.58,29905.72,67563.63,286.4
24/04/2015,52386.02,4979.84,3900.24,12033.92,11810.85,29657.42,68130.02,284.78
27/04/2015,52822.21,4966.95,3884.1,12198.59,12039.16,29603.02,69034.69,283.73
28/04/2015,52520.69,4956.57,3895.21,11982.98,11811.66,29715.06,69056.92,282.15
30/04/2015,51120.74,4846.14,3841.78,11712.07,11454.38,28916.68,68317.12,279.91
7/05/2015,49849.83,4836.62,3849.13,11551.22,11407.97,28578.89,66295.9,275.76
8/05/2015,49834.5,4899.37,3901.01,11842.45,11709.73,28708.07,66994,274.02
11/05/2015,49752.07,4877.45,3881.93,11757.43,11673.35,29066.15,67336.21,274.73
12/05/2015,50189.87,4858.25,3870.69,11632.99,11472.41,29071.97,66614.71,274.66
13/05/2015,50648.37,4864.82,3870.36,11607.3,11351.46,29279.19,66241.82,276.58
14/05/2015,50483.71,4940.18,3912.52,11765.08,11559.82,28991.09,66332.41,277.04
15/05/2015,50919.38,4939.44,3915.99,11683.48,11447.03,29232.08,67649.67,274.56
18/05/2015,50264.96,4959.94,3928.15,11739.13,11594.28,29465.18,67087.91,275.23
19/05/2015,49880.61,4952.74,3926.41,11987.3,11853.33,29666.81,67362.94,276.23
20/05/2015,49834.46,4954.67,3923.18,12043.23,11848.47,29918.91,67120.62,278.79
21/05/2015,50296.09,4981.25,3932.9,12074.67,11864.59,29928.26,67058.08,275.95
22/05/2015,50318.05,4978.71,3924.16,12065.73,11815.01,30019.42,68209.57,279.49
26/05/2015,51283.06,4919.21,3883.88,11942,11625.13,30275.8,68847.84,278.84
27/05/2015,50857,4999.79,3920.11,12174.55,11771.13,30327.8,68436.83,273.32
28/05/2015,50754.08,4988.44,3915.82,12075.68,11677.57,30444.65,66909.01,273.21
29/05/2015,51324.94,4958.3,3891.18,11770.28,11413.82,30462,66835.59,273.56
1/06/2015,50954.11,4974.01,3899.59,11819.43,11436.05,30471.95,67261.11,271.83
2/06/2015,50073.2,4959.75,3895.85,11776.61,11328.8,30432.43,66952.13,269.26
3/06/2015,49607.54,4971.88,3904.83,11848.74,11419.62,30329.21,67460.46,266.97
4/06/2015,48903.18,4935.77,3871.23,11738.02,11340.6,30350.96,67341.75,268.4
5/06/2015,48851.27,4924.98,3865.83,11581.76,11197.15,30310.53,66628.71,267.84
9/06/2015,48619.34,4870.59,3843.16,11439.69,11001.29,29770.41,65975.36,266.33
10/06/2015,48684.66,4934.94,3889.7,11645.94,11265.39,29696.43,65261.5,264.86
11/06/2015,49377.96,4938.39,3897.59,11732,11332.78,30195.08,65816.78,265.08
12/06/2015,49276.69,4900.94,3870.56,11566.37,11196.49,30230.8,66728.38,264.39
15/06/2015,49219.05,4877.96,3852.75,11363.82,10984.97,30202.22,65704.16,263.42
16/06/2015,49192.62,4903.25,3874.73,11421.64,11044.01,30009.86,64982.32,261.06
17/06/2015,49722.77,4917.75,3882.49,11310.12,10978.01,29952.57,65439.93,261.68
18/06/2015,49095.95,4986.93,3921.43,11340.47,11100.3,29615.32,65321.24,262.3
19/06/2015,49736.67,4966.65,3900.64,11368.55,11040.1,29887.05,65482.41,262.48
22/06/2015,49853.74,5000.34,3924.41,11801.15,11460.5,30266.67,66284.11,263.69
23/06/2015,50512.36,5005.52,3927.23,11940.63,11542.54,30831.89,67155.78,267.4
24/06/2015,50535.18,4979.02,3898.47,11911.52,11471.26,30919.68,67331.48,267.84
25/06/2015,50054.83,4967.37,3887.04,11917.21,11473.13,30781.02,66831.67,266.64
26/06/2015,49375.75,4934.93,3886.21,11958.47,11492.43,30713.48,65645.29,267.35
29/06/2015,48277.09,4820.62,3805.5,11510.92,11083.2,29854.69,64101.08,264.13
30/06/2015,48602.26,4839.38,3815.85,11322.71,10944.97,30041.85,64818.92,265.19
2/07/2015,49856.37,4880.72,3842.06,11435.45,11099.35,30467.58,64898.67,268.58
6/07/2015,48745.88,4864.5,3827.35,11144.06,10890.63,29858.33,62326.26,261.01
7/07/2015,49693.41,4875.95,3850.66,10891.22,10676.78,30250.96,61681.72,260.75
8/07/2015,48697.19,4790.77,3787.67,10972.53,10747.3,29302.38,58079.04,257.48
9/07/2015,48710.07,4791.27,3796.26,11252.11,10996.41,29477.35,60243.08,259.4
10/07/2015,48897.61,4866.27,3843.1,11597.09,11315.63,29365.01,61498.89,259.46
13/07/2015,48729.62,4948.08,3885.97,11821.85,11484.38,29825.14,62295.94,262.62
14/07/2015,49657.64,4980.01,3903.31,11903.15,11516.9,30263.93,62041.33,261.36
15/07/2015,50181.36,4985.39,3900.5,11938.09,11539.66,30379.73,61880.41,262.42
16/07/2015,50478.57,5058.65,3931.85,12113.73,11716.76,30582.81,62144.72,264.33
17/07/2015,50483.03,5132.08,3936.22,12120.56,11673.42,30658.23,62768.31,263.03
21/07/2015,50808.96,5146.18,3922.7,12078.41,11604.8,30941.86,63067.53,263.15
22/07/2015,49988.54,5089.85,3913.75,12021.66,11520.67,30573.24,62440.71,260.55
23/07/2015,49772.34,5068.02,3891.79,12031.51,11512.11,30707.27,62727.74,259.95
24/07/2015,49557.05,5018.05,3850.15,11962.02,11347.45,30500.29,62060.09,257.43
27/07/2015,49768.78,4975.9,3827.93,11655.1,11056.4,30211.64,60154.03,257.5
28/07/2015,49722.47,5021.2,3875.37,11772.69,11173.91,30180.15,60529.45,257.74
29/07/2015,50073.91,5045.07,3904.21,11867.59,11211.85,30143.15,60814.78,258.54
30/07/2015,50477.82,5063.98,3904.64,11936.15,11257.15,30469.66,60514.74,256.06
31/07/2015,50741.72,5053.31,3895.8,12021.75,11308.99,30562.32,60868.42,256.79
3/08/2015,50565.26,5044.02,3885.07,12111.4,11443.72,30507.19,60312.86,253.83
4/08/2015,50730.47,5030.06,3876.44,12091.59,11456.07,30465.99,60299.76,256.01
5/08/2015,50517.46,5069.45,3889.99,12291.67,11636.3,30605.1,60566.68,255.56
6/08/2015,49948.76,4991.22,3860.92,12280.73,11585.1,30679.9,60223.55,252.32
7/08/2015,48743.93,4982.15,3849.96,12192.37,11490.83,30769.22,60661.32,252.06
10/08/2015,49050,5040.6,3899.36,12288.53,11604.78,30894.13,60583.89,251.42
11/08/2015,48747.22,4975.44,3862.81,12060.57,11293.65,30763.63,60543.88,250.09
12/08/2015,47956.91,4991.41,3867.37,11649.97,10924.61,30276.69,59105.1,249.39
13/08/2015,48040.96,4982.31,3863.03,11795.24,11014.63,30577.75,59438.22,249.47
17/08/2015,47864.34,5034.56,3899.1,11790.47,10940.33,30614.44,58943.19,247.42
18/08/2015,47434.89,5010.41,3889.6,11758.35,10915.92,30516.76,58102.47,247.24
19/08/2015,48125.37,4976.03,3857.74,11552.2,10682.15,30024.08,57342.33,246.26
20/08/2015,47305.95,4837.29,3776.36,11314.38,10432.19,29743.31,56326.58,243.44
21/08/2015,46646.44,4630.06,3656.67,10953.53,10124.52,28855.93,55472.5,238.76
24/08/2015,44738.22,4455.25,3512.65,10368.06,9648.43,27526.92,52605.88,232.86
25/08/2015,46082.79,4430.78,3465.19,10797.13,10128.12,26437.2,53011.01,234.48
26/08/2015,46448.2,4655.23,3600.73,10646.21,9997.43,27283.66,52209.85,239.36
27/08/2015,47000.34,4771.31,3688.6,11017.86,10315.62,27591.63,54087.56,240.65
28/08/2015,47284.37,4776.06,3691.3,11057.93,10298.53,28426.28,53527.46,244.23
31/08/2015,46787.73,4716.64,3660.75,11005.48,10259.46,28061.09,53671.56,244.7
1/09/2015,45814.69,4571.05,3552.65,10741.07,10015.57,26984.44,52470.01,241.28
2/09/2015,45880,4696.49,3618.25,10773.6,10048.05,26880.03,51865.92,241.66
4/09/2015,45352.7,4617.93,3567.41,10698.31,10038.04,26429.58,51632.22,239.55
8/09/2015,46073.12,4749.03,3657.32,10876.13,10271.36,25887.27,52754,239.4
9/09/2015,47175.46,4693.99,3606.8,11033.02,10303.12,27882.88,54932.29,246.38
10/09/2015,46039.93,4741.28,3626.14,10872.02,10210.44,27183.39,53564.23,249.3
11/09/2015,45824.41,4771.23,3643.54,10758.94,10123.56,27130.8,53422.64,245.68
14/09/2015,46056.8,4755.87,3628.87,10686.64,10131.74,26687.36,53589.1,244.97
15/09/2015,45352.21,4812.73,3675.48,10807.79,10188.13,26777.65,53335.67,245.53
16/09/2015,46086.5,4838.65,3707.62,10988.66,10227.21,26993.8,54607.04,250.99
17/09/2015,46520.58,4840.08,3698.74,11010.65,10229.58,27381.02,54343.66,251.53
18/09/2015,46736.58,4772.63,3638.99,10728.51,9916.16,26843.18,54626.8,253.45
24/09/2015,45852.05,4703.44,3591.37,10282.4,9427.64,26102.84,52597.92,246.24
25/09/2015,45585.46,4663.34,3589.71,10597.96,9688.53,26561.38,52823.16,245.75
30/09/2015,45404.89,4615.55,3570.17,10553.49,9660.44,26001.86,51977.23,248.82
2/10/2015,45682.57,4711.97,3629.04,10561.99,9553.07,26505.77,53622.34,249.28
5/10/2015,46573.41,4783.22,3695.61,10936.31,9814.79,26925.01,54491.05,250.15
6/10/2015,46725.93,4755.91,3682.33,11039.91,9902.83,27195.09,54433.99,252.46
7/10/2015,47003.01,4785.6,3713.36,11055.79,9970.4,27399.78,56139.79,255.97
8/10/2015,47116.28,4804.02,3746.12,11076.07,9993.07,27127.91,55738.73,258.6
13/10/2015,47048.67,4807.1,3728.48,11008.11,10032.82,27267.9,56350.99,258.62
14/10/2015,46998.38,4800.46,3711.11,10926.67,9915.85,26753.88,55950.68,257.46
15/10/2015,47294.94,4879.2,3766.43,11083.75,10064.8,27061.78,57068.34,260.56
16/10/2015,47640.05,4901.73,3783.64,11148.94,10104.43,27353.23,57515.17,260.01
19/10/2015,47653.96,4927.62,3784.72,11151.99,10164.31,27113.12,57542.07,260.12
20/10/2015,47345.27,4901.24,3779.44,11080.26,10147.68,27226.65,57326.65,261.23
22/10/2015,47600.91,4973.06,3820.49,11384.57,10491.97,27568.67,57035.93,259.86
23/10/2015,48394.17,5106.62,3862.65,11672.52,10794.54,28151.02,57801.32,262.16
26/10/2015,48361.88,5114.08,3855.29,11609.68,10801.34,28333.19,57712.2,263.16
27/10/2015,48345.23,5123.35,3845.45,11490.99,10692.19,28078.86,57787.07,262.82
28/10/2015,48246.4,5167.17,3891.34,11594.13,10831.96,28268.7,57322.24,262.56
29/10/2015,47635.32,5158.69,3890.04,11582.85,10800.84,28317.95,56981.07,261.66
30/10/2015,47387.35,5134.46,3871.33,11610.92,10850.14,28538.43,56531.86,262.16
2/11/2015,46720.88,5195.3,3917.3,11654.91,10950.67,27941.21,55857.67,263.41
4/11/2015,47413.16,5211.79,3915.52,11730.96,10845.24,28305.62,57564.44,265.23
5/11/2015,47057.83,5198.47,3911.89,11806.23,10887.74,28589.32,57558.11,264.66
6/11/2015,47353.08,5203.26,3910.98,11815.98,10988.03,28814.52,57109.13,263.04
9/11/2015,46504.5,5146.43,3873.37,11642.97,10815.45,29378.89,56758.08,261.95
10/11/2015,46320.45,5131.51,3880.23,11648.43,10832.52,29421.67,55946.25,258.43
11/11/2015,46642.44,5126.22,3867.71,11744.13,10907.87,29451.81,55822.55,258.43
12/11/2015,46672.45,5074.88,3814.29,11516.79,10782.63,29461.29,57163.04,257.67
13/11/2015,45994.66,4978.89,3771.59,11401.32,10708.4,29310.44,55932.37,255.12
16/11/2015,45562.71,5048.93,3828.46,11394.92,10713.23,29006.49,54995.74,251.08
17/11/2015,46605.74,5052.43,3824.14,11710.37,10971.04,29360.87,55628.97,253.59
18/11/2015,46741.15,5149.67,3886.26,11637.83,10959.95,29388.61,55439.09,253.78
19/11/2015,47742.15,5151.94,3882.06,11657.69,11085.44,29703.64,56218.54,257.3
20/11/2015,47868.34,5186.25,3897.45,11649.74,11119.83,29733.55,56866.83,257.31
24/11/2015,47598.9,5167.62,3897.67,11434.6,10933.99,29800.97,56466.4,260.16
25/11/2015,47308.25,5171.46,3897.57,11607.08,11169.54,29685.34,56245.59,259.18
27/11/2015,47389.5,5180.65,3900.74,11695.22,11293.76,29739.73,55171.38,261.8
30/11/2015,47063.16,5162.99,3882.84,11760.34,11382.23,29535.62,54991.63,256.72
1/12/2015,47970.63,5220.16,3924.63,11662.5,11261.24,29931.87,55953.95,261.41
2/12/2015,47900.96,5187.14,3882.38,11641.69,11190.02,29820.79,56207.8,259.2
3/12/2015,47623.3,5099.18,3826.74,11225.11,10789.24,29823.44,56051.02,257.18
4/12/2015,46929.96,5220.23,3905.31,11188.52,10752.1,29172.2,55598.15,254.52
7/12/2015,46967.21,5195.42,3878.31,11291.84,10886.09,29461.87,55516.47,252.97
8/12/2015,46538.22,5196.69,3853.48,11114.86,10673.6,29154.44,54771.14,251.45
9/12/2015,46281.93,5116.54,3823.9,11009.44,10592.49,28867.97,54517.66,251.63
10/12/2015,45892.62,5139.74,3832.93,11003.76,10598.93,28487.29,54269.75,252.89
11/12/2015,45817.31,5023.2,3759.09,10800.78,10340.06,28762.39,53668.26,252.63
14/12/2015,44898.57,5059.89,3777.22,10619.19,10139.34,28243.3,53282.7,250.34
15/12/2015,44725.08,5089.98,3817.36,10954.72,10450.38,27768.4,53194,251
16/12/2015,45808.94,5164.53,3873.12,10979.09,10469.26,28492.32,54261.25,255.93
17/12/2015,46479.08,5090.98,3815.46,11104.6,10738.12,28946.48,54688.45,256.64
18/12/2015,46521.45,4998.74,3747.56,10980.5,10608.19,28397.93,54397.15,255.41
21/12/2015,46545.17,5050.04,3777.15,10854.98,10497.77,28292.07,54487.46,256.21
22/12/2015,46614.79,5081.82,3810.85,10860.76,10488.75,28248.22,54583.33,258.02
29/12/2015,48086.08,5194.94,3885.55,11178.81,10860.14,28430.82,55007.4,257.11
30/12/2015,48566.25,5151.68,3857.9,11121.22,10743.01,28507.92,54713.67,256.21
4/01/2016,48114.66,4982.58,3763.99,10753.39,10283.44,27635.13,53325.89,250.08
5/01/2016,47329.74,4967.43,3771.57,10789.48,10310.1,27519.83,52979.84,251.68
6/01/2016,46770.12,4922.96,3723.44,10653.59,10214.02,27246.22,52459.99,250.05
7/01/2016,45740.4,4769.87,3635.29,10470.75,9979.85,26611.2,50841.06,247.2
8/01/2016,45562.38,4731.16,3595.91,10304.73,9849.34,26507.29,51142.04,249.07
12/01/2016,44962.53,4800.88,3627.06,10411.71,9985.43,25789.86,49286.87,245.73
13/01/2016,45531.35,4634.09,3536.92,10443.07,9960.96,26533.75,49844.76,248.9
14/01/2016,44818.75,4733.63,3596.03,10255.12,9794.2,25822.79,49551.04,246.62
15/01/2016,44668.18,4587.52,3518.51,10010.85,9545.27,25682.24,48809.32,243.85
19/01/2016,44761.92,4594.16,3520.4,10159.65,9664.21,25534.35,49096.98,245.24
20/01/2016,44200.07,4582.21,3479.75,9809.34,9391.64,24587.5,47222.9,239.33
21/01/2016,44405.28,4589.21,3497.94,10004.34,9574.16,23990,46362.4,238.55
22/01/2016,44879.55,4719.01,3568.9,10314.21,9764.88,25399.8,47708.51,243.86
25/01/2016,45706.76,4648.95,3513.11,10253.9,9736.15,25628.03,48357.7,245.37
27/01/2016,45157.88,4574.07,3524.33,10418.08,9880.82,25709.36,47638.35,246.17
28/01/2016,45429.8,4637.95,3544.13,10279.66,9639.59,25525.92,47996.85,246.76
29/01/2016,45697.84,4741.11,3631.96,10505.26,9798.11,26240.18,49215.23,247.39
1/02/2016,46045.36,4749.3,3630.46,10459.11,9757.88,26759.84,48996.18,249.06
2/02/2016,45586.45,4646.04,3562.52,10201.13,9581.04,26588.26,48624.48,246.32
3/02/2016,44522.27,4623.8,3581.53,10065.33,9434.82,25750.31,47486.19,244.05
4/02/2016,45468.1,4621.94,3587.71,10069.06,9393.36,25531.23,47983.66,248.25
5/02/2016,45429.91,4463.21,3521.6,10002.73,9286.23,25193.61,48246.5,248.67
12/02/2016,43542.09,4458.73,3496.28,9513.12,8967.51,22397.11,45823.72,239.81
16/02/2016,44987.21,4556.5,3555.2,9788.38,9135.11,24047.5,47831.06,246.79
17/02/2016,44735.54,4661.71,3614.16,10080.83,9377.21,23720.86,47337.03,247.24
18/02/2016,45758.95,4608.98,3597.49,10095.8,9463.64,24260.75,48433.9,250.22
19/02/2016,45401.12,4622.97,3597.92,10055.99,9388.05,23916.79,48239.83,250.78
22/02/2016,45865.89,4697.55,3649.92,10236.16,9573.59,24132.3,48686.55,250.44
23/02/2016,45699.97,4621.42,3604.68,10092.62,9416.77,24043.93,48563.22,250.53
24/02/2016,44767.05,4663.87,3620.87,9894.77,9167.8,23839.83,48007.08,250.4
25/02/2016,44824.71,4708.9,3662.84,10116.5,9331.48,24192.02,47247.42,250.89
26/02/2016,44827.79,4702.85,3656.42,10273.94,9513.3,24264.07,48436.58,250.73
29/02/2016,44893.36,4665.38,3627.06,10366.75,9495.4,24021.78,47805.67,250.1
2/03/2016,46317.15,4813.37,3729.59,10536.64,9776.62,25100.64,50041.55,254.37
3/03/2016,46875.01,4803.91,3743.02,10515.66,9751.92,25420.81,50032.92,255.93
4/03/2016,46964.6,4807.39,3755.47,10612.2,9824.17,25502.68,50622.38,255.56
7/03/2016,47451.67,4779.22,3759.05,10578.07,9778.93,25347.61,50611.73,256.06
8/03/2016,47139.45,4737.24,3717.49,10486.95,9692.82,25155.5,50242.86,254.17
9/03/2016,47609.14,4768.4,3736.92,10538.45,9723.09,24944.24,50204.39,254.91
10/03/2016,47596.75,4761.49,3737.74,10359.14,9498.15,25259.22,50186.35,257.36
11/03/2016,47748.35,4844.64,3800.07,10698.32,9831.13,25388.9,50747.79,257.94
14/03/2016,47924.56,4851.35,3795.53,10731.18,9990.26,25830.88,51340.06,258.22
15/03/2016,47242.88,4851.07,3788.62,10650.32,9933.85,25655.99,50971.82,257.88
16/03/2016,47316.29,4893.11,3810.09,10627.37,9983.41,25442.81,50893.75,258.43
17/03/2016,47777.57,4888.73,3835.26,10579.51,9892.2,25385.75,51512.07,260.29
18/03/2016,47918.39,4900.47,3852.15,10626.21,9950.8,25068.63,51933.7,260.87
22/03/2016,47771.75,4930.23,3853.18,10568.24,9990,25553.88,51921.42,261.92
23/03/2016,47564.96,4891.28,3828.58,10554.5,10022.93,25482.58,51791.99,262.05
24/03/2016,47028.51,4894.59,3827.14,10329.55,9851.35,25319.73,51114.61,260.82
29/03/2016,46291.38,4964.12,3863.8,10417.78,9887.94,25828.25,51166.61,262.52
30/03/2016,46345.54,4989.96,3881.01,10603.28,10046.61,25489.24,52264.72,263.61
31/03/2016,47018.56,4981.94,3873.11,10461.67,9965.51,25307.89,52197.66,262.9
1/04/2016,46247.06,5035.75,3897.66,10311.79,9794.64,24410.1,51513.67,259.14
5/04/2016,45556.6,4969.5,3846.59,10140.1,9563.36,23758.72,50704.69,257.24
6/04/2016,45756.89,5050.77,3888.41,10222.09,9624.51,23732.35,50781.71,258.75
7/04/2016,45928.82,4974.71,3841.98,10129.68,9530.62,23784.42,50930.94,259.07
8/04/2016,45683.99,4974.3,3852.72,10266.18,9622.26,23892.67,51195.88,258.51
11/04/2016,45628.12,4956.27,3842.17,10288.85,9682.99,23786.37,51372.83,258.82
12/04/2016,46036.28,4997.78,3879.42,10368.27,9761.47,24054.66,51532.76,260.58
14/04/2016,47359.14,5062.9,3920.03,10763.33,10093.65,25538.01,53639.25,266.12
15/04/2016,47718.72,5050.15,3916.17,10724.35,10051.57,25442.84,53585.61,265.74
18/04/2016,47530.46,5074.9,3941.86,10752.19,10120.31,24578.92,53196.04,265.17
19/04/2016,48009.35,5043.41,3954.01,10901.32,10349.59,25482.72,53886.59,265.04
20/04/2016,48260.46,5047.13,3957.25,10962.07,10421.29,25531.2,53384.1,264.38
21/04/2016,48786.38,5047.53,3936.8,10940.36,10435.73,26221.45,54354.28,266.66
22/04/2016,48450.07,4973.57,3937,10913.09,10373.49,26536.87,53964.11,265.52
26/04/2016,48304.61,4949.98,3937.23,10849.01,10259.59,26205.83,53813.85,266.16
27/04/2016,47999.84,4909.78,3944.02,10913.85,10299.83,26111.01,53699.06,265.91
28/04/2016,48353.92,4851.63,3907.88,10908.97,10321.15,25168.02,53765.48,263.32
9/05/2016,49321.29,4831.27,3878.14,10428.91,9980.49,24488.43,50704.12,259.01
10/05/2016,49526.05,4898.99,3926.63,10505.03,10045.44,25015.71,50985.18,260.56
11/05/2016,49799.57,4853.43,3891.13,10452.88,9975.32,25036.58,50513.21,259.91
12/05/2016,49790.13,4833.18,3890.85,10396.21,9862.12,25138.26,50161.02,259.13
13/05/2016,49508.5,4815.79,3858.17,10467.75,9952.9,24784.69,49666.92,257.27
17/05/2016,50251.43,4814.86,3860.88,10429.33,9890.19,25148.01,50719.97,257.73
18/05/2016,49882.46,4832.4,3862.25,10482.06,9943.23,25135.76,50042.16,256.44
19/05/2016,49579.38,4807.16,3847.97,10392.86,9795.89,25138.73,49787.96,255.61
20/05/2016,49839.82,4859.88,3871.75,10566.04,9916.02,25274.17,50244.77,255.29
23/05/2016,49542.41,4851.24,3863.82,10513.15,9842.29,25150.72,50142.3,256.48
24/05/2016,49324.71,4950.9,3916.77,10771.82,10057.31,24915.38,50196.46,254.13
25/05/2016,50041.35,4987.5,3944.33,10910.11,10205.21,25305.89,51557.34,257.62
26/05/2016,50187.51,5000.52,3944.05,10985.57,10272.71,25328.71,51630.91,257.27
27/05/2016,50353.54,5028.67,3961.67,10997.88,10286.31,25422.94,52085.68,258.63
31/05/2016,50101.44,5041.32,3957.95,10984.21,10262.74,26027.2,52693.77,260.53
1/06/2016,49589.98,5037.06,3963.1,10910.5,10204.44,25605.49,52583.7,260.48
2/06/2016,49177.45,5049.63,3974.76,10915.46,10208,25011.73,52889.51,261.12
3/06/2016,49551.36,5025.66,3963.23,10810.83,10103.26,25132.06,53112.68,261.34
7/06/2016,50037.08,5029.42,3987.96,10964.94,10287.68,25182.23,54123.24,265.04
8/06/2016,50034.48,5038.49,4001.98,10898.48,10217.03,25417.01,54106.83,267.38
10/06/2016,49500.11,4972.09,3958.68,10550.58,9834.62,25070.35,53482.1,266.22
14/06/2016,48481.39,4932.56,3920.93,10118.46,9519.2,23949.29,51836.29,260.22
15/06/2016,47957.69,4915.6,3914.02,10219.51,9606.71,24040.77,52054.14,260.17
16/06/2016,47948.14,4932.02,3926.93,10174.01,9550.47,23308.28,51090.34,258.36
17/06/2016,48104.33,4876.44,3914.15,10284.58,9631.36,23558.24,51425.78,258.38
20/06/2016,48981.08,4905.18,3936.91,10644.91,9962.02,24111.49,52293.2,262.17
21/06/2016,49145.11,4919.95,3947.94,10718.89,10015.54,24419.29,52696.67,262.35
22/06/2016,49113.29,4910.29,3941.45,10750.26,10071.06,24263.15,53256.56,263.86
23/06/2016,49204.02,4980.25,3994.18,10961.02,10257.03,24525.74,53454.34,263.39
24/06/2016,47643.27,4777.6,3850.7,10079.48,9557.16,22583.66,51893.84,255.8
27/06/2016,47867.35,4683.24,3781.02,9780.02,9268.66,23123.5,51812.29,255.87
28/06/2016,47550.96,4783.17,3849.05,10035.6,9447.28,23178.34,51671.83,256.73
29/06/2016,48022.27,4866.15,3915.1,10296.91,9612.27,23547.38,52534.01,259.29
30/06/2016,48872.38,4925.19,3968.21,10400.4,9680.09,23563.61,53454.93,261.24
5/07/2016,48822.62,4919.34,3949.72,10223.97,9532.61,23704.93,53359.71,264.21
6/07/2016,48539.05,4957.21,3972.26,10034.18,9373.26,23265.7,52702.89,258.81
7/07/2016,48822.68,4973.81,3969.19,10114.13,9418.78,23110.26,53247.08,261.74
8/07/2016,48847.14,5050.59,4029.75,10293.01,9629.66,22854.2,52880.03,260.49
11/07/2016,49842.35,5079.97,4043.49,10474.41,9833.41,23764.68,53705.46,264.3
12/07/2016,49992.82,5105.52,4071.85,10638.6,9964.07,24349.89,54590.85,264.46
13/07/2016,50322.65,5092.31,4072.77,10648.13,9930.71,24555.3,54841.97,266.72
14/07/2016,50538.12,5126.62,4094.28,10771.58,10068.3,24788.97,55455.89,267.31
15/07/2016,50705.87,5119.19,4090.49,10739.61,10066.9,24958.35,55708.44,268.62
19/07/2016,50908.36,5134.2,4094.61,10635.53,9981.24,25299.43,55744.31,268.57
20/07/2016,51258.29,5194.34,4112.61,10757.44,10142.01,25236.77,56282.59,268.24
21/07/2016,51479.38,5182.98,4097.82,10748.82,10156.21,25430.91,56586.13,268
22/07/2016,51346.68,5204.31,4116.5,10760.73,10147.46,25154.11,56492.95,267.56
25/07/2016,51677.05,5204.16,4104.13,10777.67,10198.24,25143.58,56567.98,268.22
26/07/2016,51713.57,5211.05,4105.57,10794.3,10247.76,24784.66,56918.54,270.44
27/07/2016,51734.29,5245.38,4100.81,10922.48,10319.55,25212.85,57148.1,270.51
28/07/2016,51891.77,5266.56,4107.75,10857.69,10274.93,24928.45,57033.27,269.58
29/07/2016,51945.96,5276.4,4114.51,10904.93,10337.5,25068.29,56309.13,269.17
1/08/2016,52179.75,5305.19,4109.28,10829.66,10330.52,25168.9,56920.72,271.66
3/08/2016,51043.44,5282.54,4097.3,10613.29,10170.21,24332.76,55917.51,266.14
4/08/2016,51137.7,5296.13,4099.21,10673.6,10227.86,24592.59,56157,266.77
5/08/2016,51339.41,5349.05,4134.56,10833.07,10367.21,24591.92,56964.3,270.1
8/08/2016,51717,5341.83,4131.19,10845.12,10432.36,25191.19,57861.17,271.97
9/08/2016,51854.34,5354.19,4132.96,10974.32,10692.9,25364.27,57786.19,273.83
10/08/2016,51775.36,5340.75,4122.65,10934.9,10650.89,25319.11,57855.18,273.39
12/08/2016,51713.74,5367.22,4139.63,11053.22,10713.43,25598.7,58664.7,274.18
16/08/2016,51728.09,5359.71,4129.68,10955.6,10676.65,25109.4,59035.57,274.16
17/08/2016,51897.51,5369.33,4138.42,10850.56,10537.67,25335.02,58749.41,274.04
18/08/2016,51642.91,5373.06,4147.64,10898.17,10603.03,24942.22,59325.01,276.26
19/08/2016,51823.18,5370.35,4142.23,10808.43,10544.36,25032.71,59110.25,276.88
22/08/2016,51715.02,5373.05,4139.97,10782.43,10494.35,25111.94,59269.61,275.36
23/08/2016,52080.8,5384.44,4148.16,10859.82,10592.88,24959.39,59292.56,276.59
24/08/2016,52237.27,5346.16,4126.65,10894.26,10622.97,25110.59,58833.29,275.39
25/08/2016,52065.84,5337.15,4121.09,10823.38,10529.59,25048.03,58824.59,275.35
26/08/2016,51817.82,5346.39,4114.68,10909.97,10587.77,24752.65,59076.29,274.25
29/08/2016,51443.18,5355.63,4136.75,10866.7,10544.44,25339.86,58848.85,274.53
30/08/2016,51536.89,5338.76,4129.34,10948.35,10657.64,25321.5,59354.45,275.6
31/08/2016,51139.04,5333.29,4120.29,10901.03,10592.69,25566.82,59253.3,274.94
1/09/2016,51007.58,5347.69,4120.17,10904.57,10534.31,25626.53,59805.54,274.04
2/09/2016,50613.11,5364.24,4137.7,11156.33,10683.82,25624.77,60083.7,274.54
6/09/2016,51046.58,5398.63,4150.11,11126.36,10687.14,25861.4,61445.8,279.28
7/09/2016,51170.55,5401.49,4150.51,11194.37,10752.98,25756.12,61336.89,278.62
8/09/2016,50842.29,5370.34,4141.46,11156.42,10675.29,25674.87,61814.54,279.21
9/09/2016,50405.66,5233.44,4039.95,11031.65,10573.44,25685.45,62323.69,275.41
12/09/2016,49282.77,5326.73,4099.47,10904.89,10431.77,25242.1,60241.01,268.15
13/09/2016,49189.33,5280,4039.92,10775.66,10386.6,25327.06,60051.6,269.48
20/09/2016,50110.93,5373.09,4065.2,10779.15,10393.86,24969,60928.31,273.03
21/09/2016,50457,5427.43,4109.63,10830.6,10436.49,25446.62,61290.26,274.56
23/09/2016,51332.65,5433.27,4112.69,11024.98,10626.97,25365.47,61338.84,276.54
26/09/2016,51333.82,5386.59,4077.71,10826.42,10393.71,25048.35,60386.42,275.59
27/09/2016,51095.07,5441.98,4104.18,10820.15,10361.48,25259.36,61044.15,277.83
28/09/2016,51158.03,5452,4126.83,10903.22,10438.34,25102.09,61167.81,276.37
29/09/2016,51719.22,5410.7,4088.47,10931.25,10405.54,25450.16,61478.1,278.66
30/09/2016,51386.01,5452.52,4121.06,10942.12,10511.02,25078.37,60332.62,275.6
4/10/2016,51840.99,5436.27,4088.17,11077,10619.61,25514.1,61348.53,277.41
5/10/2016,51547.2,5456.86,4107.4,11044.67,10585.78,25641.54,61604.58,277.21
6/10/2016,51832.93,5452.58,4109.49,11020.43,10568.8,25763.29,62029.8,279.5
7/10/2016,51685.07,5442.06,4096.25,10946.18,10490.86,25703.82,61769.06,278.35
11/10/2016,51802.41,5394.4,4063.92,10999.89,10577.16,25954.87,60986.19,274.17
12/10/2016,51753.38,5391.85,4068.92,10960.79,10523.07,25673.2,60617.23,274.22
13/10/2016,51384.46,5373.35,4056.45,10844.92,10414.07,25572.95,59644.16,271.79
14/10/2016,51370.18,5379.37,4057.28,11006.77,10580.38,25698.16,60167.29,273.03
17/10/2016,50942.29,5365.6,4045.07,10955.84,10503.57,25764.86,59660.31,274.21
18/10/2016,51151.42,5414.32,4069.99,11100.31,10631.55,25861.65,60591.26,276.13
19/10/2016,51384.07,5410.84,4079.5,11128.34,10645.68,25915.47,60359.67,276.38
20/10/2016,51448.18,5406.47,4074.18,11177.14,10701.39,26276.16,60622.12,276.59
24/10/2016,51129.98,5492.99,4093.22,11207.8,10761.17,26274.52,61217.81,277.74
25/10/2016,51454.65,5472.28,4077.8,11178.92,10757.31,26473.98,61116.74,276.77
26/10/2016,50669.7,5437.75,4070.76,11163.51,10709.68,26514.52,60495.11,273.51
27/10/2016,50067.41,5410.74,4058.75,11161.02,10717.08,26430.38,59994.36,274.73
28/10/2016,49957.59,5376.38,4046.36,11197.96,10696.19,26596.36,59533.91,274.59
31/10/2016,50281.7,5371.54,4045.89,11101.18,10665.01,26566.39,59481.34,273.95
1/11/2016,50023.93,5333.13,4018.47,11005.21,10526.16,26595.01,60042,274.01
2/11/2016,49442.64,5288.54,3992.76,10868.29,10370.93,26125.64,59168.95,270.63
4/11/2016,49082.16,5218.94,3970.02,10776.7,10259.13,25775.81,58740.81,270.35
7/11/2016,49745.13,5345.84,4058.3,10982.86,10456.95,26190.33,59152.75,272.54
8/11/2016,49834.67,5380.77,4075.61,11025.26,10482.32,26181.5,59433.11,273.25
9/11/2016,48876.97,5403.49,4121.03,11189.25,10646.01,24780.85,58150.82,267.27
10/11/2016,50513.86,5315.97,4129.46,11158.39,10630.12,26447.31,59250.56,273.31
11/11/2016,50913.49,5321.48,4123.69,11055.77,10667.95,26493.62,58451.47,269.76
14/11/2016,50874.26,5266.31,4123.81,11103.24,10693.69,26947.76,57678.99,267.64
15/11/2016,50691.17,5340.11,4155.62,11172.14,10735.14,26940.94,57942.94,266.77
16/11/2016,50706.9,5371.34,4150.21,11084.98,10663.87,27236.85,57833.81,267.97
17/11/2016,50810.31,5409.93,4169.87,11150.58,10685.54,27237.49,57787.99,268.12
18/11/2016,51009.01,5389.27,4160.58,11092.9,10664.56,27397.26,57999.11,267.85
21/11/2016,50932.12,5446.5,4191.68,11155.02,10685.13,27608.62,58034.34,267.1
22/11/2016,51522.18,5463.49,4200.95,11201.26,10713.85,27695.41,58886.08,270.16
25/11/2016,52423.85,5459.28,4221.02,11205.98,10699.27,28028.25,59017.94,270.05
28/11/2016,52011.3,5445.63,4199.39,11110.11,10582.67,27991.15,59296.14,270.8
29/11/2016,51945.85,5463.87,4205.99,11215.66,10620.49,27915.14,59053.31,270.75
30/11/2016,51783.78,5394.74,4195.73,11281.9,10640.3,27917.34,59190.19,272.2
1/12/2016,52352.68,5308.71,4181.15,11238.21,10534.05,28229.38,59419.94,272.44
2/12/2016,51817.52,5314.63,4182.81,11159.88,10513.35,28096.66,58614.47,270.73
5/12/2016,51406.97,5358.16,4207.57,11276.5,10684.83,27866.27,58460.53,269.94
6/12/2016,51676.26,5369.97,4222.04,11418.53,10775.32,27996.72,58901.06,273.68
7/12/2016,52146.61,5441.17,4278.44,11573.29,10986.69,28204.33,59227.76,274.44
8/12/2016,52771.84,5449.29,4288.1,11673.78,11179.42,28614.17,59386.02,280.5
9/12/2016,52933.54,5490.47,4313.61,11744.26,11203.63,28966.25,59124.03,279.33
12/12/2016,52954.81,5466.31,4308.94,11736.13,11190.21,29208.18,58272.1,279.13
13/12/2016,52785.53,5535.99,4337.86,11842.37,11284.65,29353.79,58307.65,280.1
14/12/2016,53163.65,5520,4302.93,11756.99,11244.84,29358.5,58333.41,280.5
15/12/2016,52726.14,5533.67,4319.84,11880.24,11366.4,29389.27,57301.58,279.91
16/12/2016,52672.37,5512.88,4312.4,11914.83,11404.01,29583.47,57201.19,281.1
19/12/2016,52949.9,5535.47,4321.02,11891.39,11426.7,29568.91,56712.65,280.43
20/12/2016,53228.12,5556.73,4337.36,11958.27,11464.74,29725.86,56443.49,281.14
21/12/2016,53441.34,5551.24,4326.85,11934.99,11468.64,29649.56,56653.23,280.62
22/12/2016,53731.45,5534.96,4319.33,11936.98,11456.1,29623.91,56202.29,280.48
28/12/2016,54122.52,5526.31,4299.45,11970.03,11474.99,29626.12,56510.22,282.39
29/12/2016,54367.38,5517.33,4298.39,11946.46,11451.05,29234.33,56604.16,282.73
4/01/2017,54723.6,5540.46,4340.75,12096.91,11584.31,29919.97,57496.59,286.11
5/01/2017,54885.21,5571.6,4337.45,12099.96,11584.94,29807.78,58333.6,284.87
6/01/2017,54906.5,5618.95,4354.05,12122.69,11599.01,29706.45,58453.93,286.2
10/01/2017,54955.35,5650.48,4338.64,12069.32,11583.3,29472.99,59082.13,286.78
11/01/2017,55058.18,5667.36,4351.32,12070.51,11646.17,29569.54,59576.97,291.59
12/01/2017,55014.04,5657.5,4342.09,12009.43,11521.04,29218.38,59300.76,293.55
13/01/2017,54577.72,5677.79,4350.11,12153.93,11629.18,29451.37,59582.23,291.33
17/01/2017,54371.61,5661.12,4337.2,12001.23,11540,28727.96,59331.81,290.75
18/01/2017,54174.45,5673.69,4345.57,11985.7,11599.39,28851.4,60000.14,290.43
19/01/2017,54303.37,5668.43,4329.96,11955.43,11596.89,29123.02,59874.68,291.1
20/01/2017,53946.24,5681.93,4344.67,11978.95,11630.13,29223.28,59448.55,289.82
23/01/2017,53528.6,5684.74,4333.1,11906.71,11545.75,28846.3,59481.3,290.47
24/01/2017,53901.88,5724.43,4361.56,11927.99,11594.94,28688.96,59614.66,290.67
25/01/2017,54106.17,5780.99,4396.57,12045.63,11806.05,29100.5,59872.49,291.59
1/02/2017,53931.13,5783.21,4362.1,11840.44,11659.5,29240.97,60571.95,293.12
2/02/2017,53857.37,5777.61,4364.85,11839.74,11627.95,28884.39,60224.21,291.96
3/02/2017,53629.82,5794.45,4396.95,11916.61,11651.49,28889.92,60080.53,292.35
6/02/2017,53572.54,5801.67,4387.67,11802.21,11509.84,28979.5,60668.75,293.05
7/02/2017,53636.82,5822.14,4388.87,11743.88,11549.44,28878.82,60625.44,292.48
8/02/2017,53918.7,5834.37,4393.31,11773.84,11543.38,29026.67,61024.45,291.12
9/02/2017,54045.07,5854.87,4419.4,11921.16,11642.86,28874.07,61128.41,291.09
10/02/2017,54579.3,5871.27,4435.42,11926.29,11666.97,29593.74,61257.93,292.14
13/02/2017,54993.54,5906.42,4459.83,12074.19,11774.43,29716.24,61611.31,292.3
14/02/2017,54942.95,5925.63,4478.98,12093.03,11771.81,29380.02,61645.84,291.31
15/02/2017,55458.74,5960.88,4501.99,12164.77,11793.93,29683.91,62404.88,292.3
16/02/2017,55527.86,5958.99,4498.56,12102.01,11757.24,29545.78,62698.33,292.43
17/02/2017,55429.06,5986.16,4506.2,12023.27,11757.02,29373.35,62505.99,292.33
21/02/2017,55357.43,6015.4,4533.46,12075.58,11967.49,29597.56,62323.64,295.89
22/02/2017,55631.28,6017.31,4528.97,12093.18,11998.59,29595.16,62943.48,296.69
23/02/2017,55476.08,5995.12,4531.39,12081.85,11947.83,29582.32,62875.85,296.73
24/02/2017,55052.61,6007.58,4539.25,11968.08,11804.03,29465.89,62486.92,294
27/02/2017,54927.78,6013.11,4544.51,11967.95,11822.67,29196.85,62380.95,292.47
28/02/2017,54830.25,5993.81,4532.93,12001.04,11834.41,29214.45,61900.36,293.66
2/03/2017,55589.44,6031.65,4569.17,12260.95,12059.57,29895.66,61870.35,296.48
3/03/2017,55146.44,6043.14,4571.6,12338.32,12027.36,29749.53,61413.13,293.35
6/03/2017,55322.81,6028.41,4556.72,12281.68,11958.4,29611.96,61543.8,294.05
7/03/2017,55488.82,6018.29,4543.75,12239.19,11966.14,29558.49,61768.21,295.64
8/03/2017,55488.7,6028.25,4534.68,12252.75,11967.31,29420.78,62032.16,296.1
9/03/2017,55411.17,6032.94,4538.36,12304.69,11978.39,29519.41,61299.99,295.37
10/03/2017,55743.3,6057.6,4553.28,12333.85,11963.18,29956.47,61497.41,296.1
13/03/2017,55568.6,6067.74,4556.44,12349.37,11990.03,30001,62189.99,299.49
14/03/2017,55587.79,6054.46,4541.26,12286.77,11988.79,29963.95,62185.51,302.19
15/03/2017,55749.17,6092.8,4579.44,12314.48,12009.87,29915.45,62093.9,302.19
16/03/2017,55865.34,6088.5,4572.16,12383.4,12083.18,29934.95,63386.87,304.6
17/03/2017,56002.02,6084.77,4566.17,12422.58,12095.24,29830.2,63443.35,306.5
21/03/2017,55762.29,5999.19,4500.98,12372.57,11962.13,29729.79,64182.41,308.75
22/03/2017,54896.54,6038.59,4509.65,12353.44,11904.12,29096.53,63470.7,307.29
23/03/2017,55126.39,6024.63,4504.92,12447.59,12039.68,29163.66,63489.74,307.49
24/03/2017,55567.61,6034.59,4501.11,12418.25,12064.27,29434.46,63569.5,306.99
27/03/2017,55503.8,6046.15,4496.53,12415.35,11996.07,29011.46,63144.87,305.4
28/03/2017,56226.61,6083.42,4529.17,12486.54,12149.42,29343.48,63557.31,306.37
29/03/2017,56731.61,6109.81,4535.01,12543.04,12203,29570.37,63677.88,307.04
30/03/2017,56955.44,6120.47,4548.46,12594.02,12256.43,29333.07,63440.42,306.83
31/03/2017,56652.87,6116.52,4538.21,12675.36,12312.87,29096.37,62945.7,305.79
3/04/2017,56729.36,6112.71,4530.98,12584.8,12257.2,29210.19,63337.01,306.81
5/04/2017,56763.3,6098.74,4520.86,12599.5,12217.54,29022.53,63700.71,305.87
6/04/2017,56575.93,6101.48,4530.93,12672.72,12230.89,28615.98,63368.95,304.49
7/04/2017,56635.66,6098.65,4527.2,12706.96,12225.06,28719.95,63352.19,303.99
10/04/2017,57123.18,6102.38,4530.57,12638.08,12200.52,28924.99,63338.82,302.03
11/04/2017,57281.52,6076.17,4524.71,12624.25,12139.35,28848.04,62889.66,300.16
12/04/2017,57326.78,6052.12,4507.76,12622.41,12154.7,28547.59,63477.19,300.94
13/04/2017,56901.62,6025.73,4477.07,12548.16,12109,28354.06,63341.83,304.11
18/04/2017,56388.57,6068.58,4502.66,12356.87,12000.44,28341.37,62461.69,303.14
19/04/2017,56072.36,6077.56,4495.56,12398.39,12016.45,28362.31,62204.12,301.24
20/04/2017,56245.64,6126.97,4529.65,12582.21,12027.32,28359.68,62807.46,302.62
21/04/2017,56562.08,6125.3,4515.9,12535.85,12048.57,28652.44,62768.41,305.11
24/04/2017,56732.55,6199.66,4564.93,13059.61,12454.98,29045.02,63022.87,307.19
26/04/2017,57121.47,6236.86,4590.56,13115.65,12472.8,29681.37,64168.85,312.44
27/04/2017,57213.63,6271.41,4593.57,13075.52,12443.79,29623.58,64482.3,313.05
28/04/2017,57238.59,6285.2,4584.82,13074.04,12438.01,29538.81,64283.56,313.2
2/05/2017,57492.71,6353.34,4598.24,13169.77,12507.9,29921.9,64504.5,315.88
8/05/2017,56815.6,6371.73,4615.73,13429.96,12694.55,30614.33,64195.7,327.02
10/05/2017,56860.53,6397.81,4618.19,13473.64,12757.46,30621.26,65338.44,323.02
11/05/2017,56888.57,6392.71,4609.69,13431.13,12711.06,30715.83,65626.1,326.9
12/05/2017,56487.58,6407.09,4602.96,13489.84,12770.41,30596.35,65706.52,325.26
15/05/2017,56502.1,6427.82,4625.51,13533.78,12807.04,30574.73,66300.01,325.98
16/05/2017,56751.77,6453.65,4623.26,13553.41,12804.53,30651.62,66339.48,326.86
17/05/2017,56126.2,6292.49,4540.58,13335.78,12631.61,30490.14,66236.03,326.5
18/05/2017,55780.34,6344.21,4557.41,13265.18,12590.06,30088.5,65901.63,325.55
19/05/2017,55674.34,6372.84,4588.35,13352.1,12638.69,30145.28,66063.56,325.12
22/05/2017,56102.86,6426.79,4612.12,13351.18,12619.46,30279.95,66631.62,327.9
23/05/2017,55995.79,6431.48,4620.7,13414.6,12659.15,30179.93,66662.62,328.7
24/05/2017,56085.83,6461.95,4632.37,13415.5,12642.87,30379.51,66729.12,329.08
25/05/2017,56287.82,6516.17,4653.59,13405.01,12621.72,30487.45,67259.96,332.91
26/05/2017,55918.73,6528.43,4655.65,13405.42,12602.18,30293.12,67282.22,334.81
31/05/2017,55661.89,6529.02,4649.34,13336.88,12615.06,30237.31,67338.34,332.31
1/06/2017,55796.38,6560.27,4685.11,13425.33,12664.92,30559.62,67747.75,331.61
2/06/2017,56282.44,6633.59,4702.56,13491.41,12822.94,31047.79,68119.77,335.75
7/06/2017,55113.99,6630.23,4692.29,13315.82,12672.49,30751.33,68270.53,333.4
8/06/2017,55205.66,6638.92,4693.67,13312.57,12713.58,30635.37,68565.73,334.02
9/06/2017,55217.39,6477.22,4689.79,13402.26,12815.72,30795.4,68495.55,337.43
13/06/2017,56143.15,6488.42,4707.88,13322.67,12764.98,30619.19,68040.77,335.95
14/06/2017,56738.56,6461.17,4703.53,13275.95,12805.95,30595.75,68111.02,335.87
15/06/2017,56051.42,6432.03,4693.86,13209.09,12691.81,30516.78,67304.5,334.5
16/06/2017,56156.89,6410.13,4695.23,13326.63,12752.73,30688.26,67478.83,334.61
19/06/2017,56459.75,6512.7,4734.48,13449.65,12888.95,30879.82,68263.67,336.6
20/06/2017,55993.68,6460.9,4702.82,13406.43,12814.79,31130.12,68082.27,337.36
21/06/2017,55103.47,6524.18,4700.5,13367.99,12774.26,30992.25,67691.15,335.41
22/06/2017,55495.7,6521.33,4698.4,13387.43,12794,30949.08,67925.55,337.54
23/06/2017,55592.21,6547.54,4705.73,13347.34,12733.41,30983.68,67913.69,338.4
26/06/2017,55633.91,6518.75,4707.27,13422.44,12770.83,31016.6,68470.54,340.18
27/06/2017,55575.86,6399.17,4669.27,13328.25,12671.02,31127.84,68386.11,340.43
28/06/2017,55979.53,6491.5,4711.33,13313.84,12647.27,31025.06,67971.96,339.03
29/06/2017,56698.75,6378.65,4670.96,13064.05,12416.19,31165.62,68815.43,341.11
30/06/2017,55758.56,6372.5,4678.36,12978.71,12325.12,30884.9,68302.27,340.24
3/07/2017,55397.91,6316.12,4689.61,13168.92,12475.31,30919.39,68519.2,340.93
5/07/2017,56165.52,6376.07,4697.34,13137.43,12453.68,30959.21,67822.42,340.25
6/07/2017,56124.3,6318.69,4655.02,13067.18,12381.25,30824.21,67799.16,340.37
7/07/2017,55586.38,6384.8,4684.88,13048.82,12388.68,30724.05,67468.04,339.04
10/07/2017,55789.76,6427.33,4689.25,13100.76,12445.92,30958.21,67945.6,339.91
11/07/2017,55833.52,6444.99,4685.64,13037.27,12437.02,31134.73,68979.64,342.23
12/07/2017,55296.58,6523.05,4720.28,13244.03,12626.58,30985.03,69422.13,342.22
13/07/2017,55909.95,6539.31,4729.25,13277.69,12641.33,30987.23,70228.56,345.24
14/07/2017,56186.25,6589.79,4751.43,13277.46,12631.72,31016.6,70343.34,346.33
18/07/2017,55428.74,6637.22,4754.27,13120.12,12430.39,30833.22,70705.1,347.75
19/07/2017,55864.71,6677.93,4780.25,13228.65,12452.05,30865.52,71097.54,348.03
20/07/2017,56150.53,6683.64,4779.84,13185.92,12447.25,31056.27,71278.92,349.89
21/07/2017,55774.22,6683.98,4778.07,12979.08,12240.06,30987.14,71187.98,351.18
24/07/2017,55435.36,6706.47,4773.1,13004.53,12208.95,30795.85,71563.13,351.43
25/07/2017,55811.89,6694.37,4787.04,13089.2,12264.31,30764.29,71577.05,349.4
26/07/2017,56299.46,6717.04,4788.41,13162.97,12305.11,30910.69,71814.22,348.65
27/07/2017,56381.18,6679.49,4784.26,13154.81,12212.04,30958.31,72321.07,349.84
28/07/2017,55580.13,6670.58,4778.02,13013.9,12162.7,30773.61,71916.48,343.11
31/07/2017,55753.35,6638.3,4774.56,12918.48,12118.25,30720.17,72835.05,343.66
1/08/2017,56258.01,6655.06,4786.27,13002.83,12251.29,30813.62,73411.48,346.33
2/08/2017,55983.48,6676.58,4789.54,12952.68,12181.48,30958.93,73590.47,347.04
3/08/2017,55894.98,6651.86,4779.99,13011.61,12154.72,30880.76,73465.98,341.14
4/08/2017,55753.27,6661.75,4789.11,13196.63,12297.72,30762.27,73550.47,342.42
7/08/2017,56269.57,6701.07,4797.13,13207.91,12257.17,30921.94,73891.19,342.97
8/08/2017,55979.1,6692.15,4786.12,13235.82,12292.05,30829.62,74330.29,342.36
9/08/2017,56192.6,6684.29,4784.94,13050.18,12154,30433.3,74069.27,338.12
10/08/2017,56168.11,6539.43,4717.4,12972.93,12014.3,30419.62,73233.79,336.86
14/08/2017,55907.37,6675.15,4771.43,12989.24,12165.12,30122.76,72750.81,333.11
16/08/2017,56611.46,6690.81,4778.28,13128.59,12263.86,30419.07,73174.87,335.55
17/08/2017,56558.25,6554.04,4704.73,13053.11,12203.46,30377.98,73001.73,337.58
18/08/2017,56246.06,6548.01,4696.22,12970.18,12165.19,30019.94,72305.58,336.89
21/08/2017,56039.07,6543.12,4701.82,12902.8,12065.99,29900.79,72595.67,336.62
22/08/2017,56332.08,6641.72,4748.73,13015.08,12229.34,29886.47,73281.27,337.93
24/08/2017,56345.98,6597.81,4723.03,12967.58,12180.83,29840.1,73603.71,339.44
25/08/2017,56333.68,6584.34,4731.46,12945.27,12167.94,29992.49,74485.17,339.96
28/08/2017,56014.04,6602.75,4733.97,12882.93,12123.47,29988.31,74525.63,338.12
29/08/2017,55619.82,6630.24,4738.62,12761.63,11945.88,29871.39,74262.77,337.15
30/08/2017,55700.11,6710.28,4761.72,12823.55,12002.47,30093.53,75144.34,338.25
31/08/2017,56146.82,6773.28,4789.18,12897.74,12055.84,30309.05,75061.89,336.75
1/09/2017,56279.1,6772.48,4798.99,12993.29,12142.64,30378.83,75015.9,336.2
5/09/2017,56137.62,6710.09,4762.75,12900.19,12123.71,29907.28,74514.54,332.14
6/09/2017,56008.39,6730.95,4777.69,12937.86,12214.54,29864.33,74176.04,331.18
7/09/2017,56109.82,6746.29,4777.93,12971.36,12296.63,29923.8,73976.85,335.32
8/09/2017,55954.36,6688.67,4771.02,12968.49,12303.98,29736.05,74368.06,335.82
11/09/2017,56370.72,6764.63,4822.8,13128.84,12475.24,30154.06,75176.76,338.44
12/09/2017,56718.35,6782.13,4839.31,13210.76,12524.77,30510.2,75233.87,339.08
13/09/2017,56707.4,6792.02,4843.04,13232.52,12553.57,30647.81,75035.05,338.62
14/09/2017,56674.61,6752.53,4839.29,13251.81,12540.45,30557.74,74726.07,341.37
15/09/2017,56243.48,6774.23,4848.84,13223.18,12518.81,30716.06,74807.83,342.65
19/09/2017,56431.15,6778.3,4861.52,13283.24,12561.79,31317.56,75497.09,347.91
20/09/2017,56393.21,6758.54,4864.61,13293.94,12569.17,31334.65,75702.68,347.88
21/09/2017,55872.16,6714.76,4849.95,13358.94,12600.03,31391.76,75672.4,347.63
22/09/2017,56136.11,6711.83,4853.2,13394.44,12592.35,31313.03,75053.79,345.95
25/09/2017,56153.36,6638.32,4842.41,13375.64,12594.81,31469.05,74039.18,345.61
26/09/2017,56028.98,6654.14,4843.14,13379.78,12605.2,31365.08,74073.28,343.31
27/09/2017,55963.32,6718.02,4862.93,13413.32,12657.41,31469.23,74421.72,342.8
28/09/2017,56027.07,6713.17,4869.81,13443.31,12704.65,31618.39,73827.18,342.86
29/09/2017,56137.99,6765.48,4887.97,13534.83,12828.86,31607.78,74184.44,345.5
10/10/2017,56698.63,6863.07,4951.77,13620.74,12949.25,32333.26,76705.88,352.29
11/10/2017,57034.93,6883.14,4960.79,13624.56,12970.68,32422.95,76433.25,356.26
12/10/2017,57256.02,6870.39,4952.85,13620.48,12982.89,32537,76698.51,358.43
13/10/2017,57450.56,6895.82,4957.27,13597.43,12991.87,32848.26,76747.46,357.6
16/10/2017,57773.03,6920.8,4966.05,13625.74,13003.7,33004.12,77330.62,358.11
17/10/2017,58196.44,6929.95,4969.38,13621.92,12995.06,33129.21,77351.08,358.86
18/10/2017,58204.97,6920.6,4973.28,13678.93,13043.03,33171.02,77389.54,358.74
19/10/2017,58260.82,6896,4975.32,13639.5,12990.1,33303.73,75899.88,356.63
20/10/2017,58368.13,6914.34,5001.11,13649.88,12991.28,33317.89,76784.37,359.27
23/10/2017,58239.41,6867.95,4981.37,13686.55,13003.14,33689.01,76295.53,359.88
24/10/2017,58275.5,6882.06,4989.56,13706.84,13013.19,33857.81,75888.79,359.34
25/10/2017,58354.38,6853.56,4966.29,13656.27,12953.41,33706.34,76287.49,359.72
26/10/2017,58460.11,6834.13,4972.6,13860.81,13133.28,33762.61,76016.56,357.19
27/10/2017,58331.24,7032.88,5012.75,13959.23,13217.54,34179.99,76653.95,359.64
30/10/2017,58488.57,7049.47,4997.15,13957.95,13229.57,34185.43,76387.98,360.9
1/11/2017,58675.91,7073.56,5009.99,14010.44,13465.51,34823.62,77083.14,370.32
2/11/2017,58621.52,7059.71,5011.48,14000.82,13440.93,35008.75,76879.82,368.98
6/11/2017,58839.66,7148.38,5034.3,13992.56,13468.79,35023.94,77090.52,368.87
7/11/2017,59462.9,7156.5,5033.38,13929,13379.27,35629.55,78162.19,368.17
8/11/2017,59483.85,7184.9,5040.74,13905.6,13382.42,35593.08,77928.36,369.31
9/11/2017,59911.36,7147.02,5023.01,13743.75,13182.56,35523.38,78545.62,368.59
10/11/2017,59716.9,7147.15,5020.31,13675.06,13127.47,35232.58,78503.42,367.3
13/11/2017,59848.61,7155.29,5025.36,13575.71,13074.42,34765.9,78702.01,365.52
14/11/2017,59325.54,7129.94,5014.53,13509.51,13033.48,34764.38,78620.96,364.74
15/11/2017,58982.52,7093.69,4987.96,13473.09,12976.37,34218.08,77810.71,363.15
16/11/2017,59074.72,7187.06,5030.48,13562.4,13047.22,34719.51,78261.29,365.54
17/11/2017,59213.83,7159.3,5017.45,13518.63,12993.73,34790.47,78747.48,365.34
20/11/2017,59101.71,7152.75,5024.01,13575.97,13058.66,34580.7,78912.72,363.96
21/11/2017,59279.14,7232.26,5056.95,13641.3,13167.54,34821.04,80444.14,364.61
22/11/2017,59506.7,7241.21,5053.6,13607.28,13015.04,34986.74,80944.37,366.77
24/11/2017,59473.3,7267.48,5064.23,13703.11,13059.84,35029.77,80590.81,366.72
27/11/2017,59535.16,7263.71,5062.85,13625.9,13000.2,34944.55,80104.77,360.26
28/11/2017,59490.69,7283.36,5112.91,13703.15,13059.53,34929.4,80090.34,361.86
29/11/2017,59760.53,7157.66,5111.68,13722.41,13061.87,35101.76,79936.49,361.52
30/11/2017,59350.7,7219.4,5155.44,13658.19,13023.98,35300.22,78731.73,355.58
1/12/2017,59548.19,7187.99,5145.21,13516.08,12861.49,35446.35,78453.48,355.07
4/12/2017,59506.74,7103.87,5139.91,13700.13,13058.55,35272.57,78637.87,359.43
5/12/2017,59375.18,7105.55,5120.92,13676.17,13048.54,35140.88,77840.41,360.35
6/12/2017,59115.54,7137.24,5120.46,13673.16,12998.85,34449.1,76172.59,354.79
7/12/2017,59436.28,7163.86,5136.37,13697.36,13045.15,34947.72,76384.13,353.77
8/12/2017,59601.79,7195.94,5165.19,13736.1,13153.7,35434,77292.7,354.96
11/12/2017,59640.71,7251.88,5181.75,13704.91,13123.65,35632.29,78171,355.41
12/12/2017,59791.26,7240.27,5189.96,13807.59,13183.53,35519.58,77708.4,354.29
13/12/2017,59877.04,7252.77,5187.68,13737.02,13125.64,35351.66,78864.06,356.6
14/12/2017,59774.97,7248.11,5167.45,13629.38,13068.08,35252.83,78713.69,355.03
15/12/2017,59632.89,7334.79,5214.1,13609.44,13103.56,35033.45,77854.76,356.66
18/12/2017,60050.12,7388.75,5242.28,13791.17,13312.3,35574.88,78400.71,357.06
19/12/2017,60376.86,7351.94,5225.43,13712.48,13215.79,35522.42,78949.25,357.23
20/12/2017,60414.96,7342.66,5221.79,13635.71,13069.17,35559.27,78896.44,356.17
21/12/2017,60263.2,7342.89,5232.16,13720.29,13109.74,35519.47,79255.28,349.53
22/12/2017,60356.2,7334.36,5229.79,13666.14,13072.79,35576.42,79824.6,351.16
27/12/2017,60357.81,7300.31,5229.01,13676.64,13070.02,35641.3,79877.62,354.98
28/12/2017,60654.99,7307.92,5239.59,13601.71,12979.94,35443.38,80595.63,359.96
4/01/2018,60544.75,7472.49,5312.33,13790.91,13167.89,36567.09,82951.05,359.78
5/01/2018,60995.77,7550.47,5349.69,13936.26,13319.64,36890.97,83161.99,364.65
9/01/2018,61129.86,7578.54,5367.26,14071.75,13385.59,37101.7,83693.02,366.07
10/01/2018,60740.03,7561.2,5361.33,14022.7,13281.34,37005.58,83861.19,363.14
11/01/2018,60450.55,7613.22,5399.46,13981.6,13202.9,36884.6,83987.14,360.99
12/01/2018,60474.76,7670.01,5435.92,14054.22,13245.03,36796.54,84775.59,362.15
16/01/2018,60261.41,7645.72,5416.86,14048.94,13246.33,37260.1,86103.97,365.81
17/01/2018,59935.48,7728.73,5467.85,13998.41,13183.96,37130.25,86316.24,364.89
18/01/2018,59923.48,7729.98,5459.5,14000.56,13281.43,36966.96,86690.11,364.82
19/01/2018,59836.21,7756.02,5483.57,14081.27,13434.45,37036.48,87048.92,365.25
22/01/2018,59697.79,7837.67,5527.89,14120.72,13463.69,37049.35,87422.73,361.65
23/01/2018,60146.62,7902.57,5540.13,14103.56,13559.6,37528.2,88872.77,366.82
24/01/2018,60322.93,7852.51,5537.03,14001.39,13414.74,37242.94,88948.3,366.8
25/01/2018,60276.75,7849.05,5540.38,13965.84,13298.36,36820.91,88127.24,370.31
29/01/2018,60529.67,7930.78,5568.67,14068.73,13324.48,36761.16,88970.44,374.71
30/01/2018,60005.5,7866.13,5508.36,13946.91,13197.71,36236.3,87999.96,369.56
31/01/2018,60154.88,7888.24,5511.21,13967.67,13189.48,35934.98,88755.56,369.54
1/02/2018,60676.79,7833.21,5508.7,13900.82,13003.9,36538.33,88114.21,369.52
2/02/2018,60988.85,7672.93,5392.21,13672.56,12785.16,36209.17,88005.39,362.48
5/02/2018,60040.78,7372.92,5171.26,13470.84,12687.49,35287.58,87042.89,358.36
6/02/2018,58118.96,7567.47,5262.02,13154.78,12392.66,33620.07,82589.41,352.51
7/02/2018,58552.97,7472.58,5235.84,13394.57,12590.43,33674.72,81854.57,344.16
8/02/2018,58691.38,7159.35,5040.06,13128.97,12260.29,34056.64,82200.3,345.42
9/02/2018,58168.34,7283.56,5116.99,12944.29,12107.48,33265.95,79652.47,337.89
13/02/2018,58389.17,7444.01,5202.22,13020.81,12196.5,33051.35,80548.96,344.59
14/02/2018,58373.9,7586.33,5273.43,13163.58,12339.16,32910.54,82373.94,348.5
20/02/2018,59396.77,7705.69,5309.99,13481.11,12487.9,34109.91,83340.42,346.76
21/02/2018,59459.64,7682.79,5280.91,13512.5,12470.49,34181.02,84847.39,348.58
22/02/2018,59570.99,7685.98,5286.5,13530.49,12461.91,33816.4,83757.54,346.03
23/02/2018,60069.59,7839.14,5371.56,13551.23,12483.79,34059.63,84573.01,351.17
26/02/2018,60554.02,7944.28,5435.38,13619.75,12527.04,34484.4,85199.01,351.76
27/02/2018,60737.35,7844.24,5367.09,13618.91,12490.73,34852.12,84577.04,351.19
28/02/2018,60369.39,7792.33,5308.09,13559.19,12435.85,34351.49,83430.36,346.79
2/03/2018,59577.15,7743.02,5265.24,13090.49,11913.71,32971.41,82723.66,341.79
5/03/2018,59243.81,7822.88,5323.36,13168.59,12090.87,32754.19,80858.32,337.61
6/03/2018,59943.79,7859.04,5337.69,13176.24,12113.87,33338.96,82547.47,344.13
7/03/2018,59357.02,7877.68,5335.47,13221.08,12245.36,33082.06,81698.47,344.88
8/03/2018,59880.82,7921.07,5360.73,13389.97,12355.57,33261.61,82944.54,348.91
9/03/2018,60087.64,8074.29,5454.03,13441.72,12346.68,33419.03,83888.02,352.11
12/03/2018,60425.98,8108.33,5447.1,13447.61,12418.39,33971.36,85520.62,355.38
13/03/2018,60212.7,8012.46,5412.75,13361.17,12221.03,34195.62,85554.49,357.91
14/03/2018,59834.7,8006.17,5383.27,13337.12,12237.74,33898.6,85103.91,356.81
15/03/2018,59692.5,7995.53,5379.39,13423.53,12345.56,33940.1,85391.12,357.64
16/03/2018,59981.34,7983.08,5388.74,13462.99,12389.58,33741.73,85292.34,357.76
19/03/2018,60086.04,7806.74,5312.23,13328.46,12217.02,33437.24,85324.26,355.01
20/03/2018,59857.67,7830.84,5320.2,13403.97,12307.33,33281.69,85422.19,356.65
22/03/2018,59871.35,7599.93,5177.52,13186.49,12100.08,33610.16,84125.61,358.42
23/03/2018,58697.31,7401.84,5069.03,13002.78,11886.31,32094.06,82071.36,346.41
26/03/2018,58396.16,7681.33,5206.69,12928.94,11787.26,32325.96,82719.81,349.19
27/03/2018,58824.64,7426.58,5116.75,13061.47,11970.83,33184.03,83375.26,350.83
28/03/2018,58394.27,7348.83,5102.69,13099,11940.71,32986.26,81294.87,345.84
29/03/2018,58092.5,7485.68,5173.19,13193.11,12096.73,33186.85,81486.72,348.5
3/04/2018,58017.45,7347.45,5121.7,13154.35,12002.45,33396.28,81794.06,347.8
4/04/2018,58112.54,7464.19,5181.31,13127.99,11957.9,33439.04,80001.53,342.43
6/04/2018,58396.36,7319.87,5103.35,13425.29,12241.27,33827.98,80895.85,345.83
9/04/2018,58597.93,7364.49,5121.9,13438.44,12261.75,34001.67,81938.45,347.87
10/04/2018,59085.18,7527.8,5207.73,13551.21,12397.32,34183.71,83291.43,348.41
11/04/2018,58799.84,7490.9,5179.19,13475.59,12293.97,34015.54,83754.21,347.3
12/04/2018,58667.16,7573.75,5222.55,13555.45,12415.01,33973.47,83574.16,347.61
13/04/2018,58803.8,7541.99,5207.57,13570.27,12442.4,34160.73,83512.06,349.43
16/04/2018,58927.76,7595.28,5249.94,13575.18,12391.41,34249.81,82176.26,349.77
17/04/2018,58929.86,7755.93,5305.9,13689.99,12585.57,34268.73,81490.91,349.18
18/04/2018,59131.36,7775.1,5310.32,13758.08,12590.83,34755.93,82091.31,353.62
19/04/2018,59328.88,7708.73,5280.57,13787.41,12567.42,34807.66,83241.16,355.26
20/04/2018,59205.56,7586.83,5235.75,13846.7,12540.5,34762.27,82454.76,352.79
23/04/2018,59379.45,7565.27,5236.04,13912.49,12572.39,34645.88,82010.41,352.79
24/04/2018,59737.99,7406.36,5166.1,13937.28,12550.82,34944.03,83045.46,350.54
26/04/2018,59634.75,7566.35,5229.61,13975.67,12500.47,35009.11,81341.62,353
27/04/2018,60067.31,7574.1,5235.73,14051.55,12580.87,35241.8,82111.06,356.42
2/05/2018,61042.37,7560.66,5168.79,14191.7,12802.25,35249.5,83323.25,358.35
8/05/2018,61463.62,7757.54,5241.53,14216.12,12912.21,35305.82,82456.08,350.95
9/05/2018,61627.34,7846.49,5292.9,14248.81,12943.06,35149.26,82817.71,349.34
10/05/2018,61735.55,7926.8,5343.7,14277.96,13022.87,35287.76,83558.31,352.55
11/05/2018,61709.71,7917.99,5354.69,14319.78,13001.24,35697.62,84406.78,353.88
14/05/2018,62028.38,7931.75,5359.66,14325.19,12977.71,35866.05,85578.04,353
15/05/2018,61750.79,7845.38,5323.23,14357.45,12970.04,35791.01,84599,349.91
16/05/2018,61843.36,7896.92,5346.33,14394.63,12996.33,35632.92,84489.68,351.05
17/05/2018,61835.33,7865.94,5343.29,14535.89,13114.61,35822.93,84126.33,349.18
18/05/2018,61766.87,7825.71,5329.66,14516.73,13077.72,35967.22,84444.42,350.38
23/05/2018,61216.18,7925.81,5369.99,14416.36,12976.84,35589.79,83510.3,353.65
24/05/2018,61264.66,7921.33,5359.32,14371.29,12855.09,35193.37,83853.57,352.73
25/05/2018,61221.47,7934.12,5347.31,14356.01,12938.01,35215.08,83492.77,353.36
29/05/2018,61032.55,7895.85,5285.7,14111.34,12666.51,35070.21,83210.39,351.3
30/05/2018,60740.01,7952.96,5353.76,14143.06,12783.76,34537.05,82042.7,343.59
31/05/2018,61021.25,7943.13,5318.1,14069.56,12604.89,34824.56,83188.15,345.43
1/06/2018,60804.04,8075.6,5376.29,14248.51,12724.27,34776.77,83259.69,347.99
4/06/2018,61160.9,8143.59,5400.5,14274.62,12770.75,35254.53,84648.84,349.79
5/06/2018,60849.57,8170.2,5404.62,14252.98,12787.13,35354.29,84922.28,350.81
7/06/2018,61491.47,8155.44,5448.18,14225.08,12811.05,35799.31,86214.72,352.93
8/06/2018,61368.54,8155.2,5465.42,14229.94,12766.55,35597.34,84727.4,349.93
12/06/2018,61462.48,8219.77,5481.07,14264.04,12842.3,35885.72,85123.83,352.01
14/06/2018,61081.87,8300.8,5474.37,14460.43,13107.1,35666.53,83388.35,345.74
15/06/2018,61867.59,8273.62,5469.37,14390.92,13010.55,35844.81,83042.73,343
19/06/2018,61949.77,8242.93,5436.13,14100.33,12677.97,34945.65,80749.8,334.8
20/06/2018,62665.05,8302.98,5445.43,14052.39,12695.16,35382.28,81398.59,337.77
21/06/2018,63270.45,8230.89,5411.4,13915.73,12511.91,35598.73,80301.85,334.44
22/06/2018,63200.31,8208.11,5421.63,14102.56,12579.72,35322.98,80418.76,337.41
25/06/2018,63050.91,8026.39,5347.23,13831.57,12270.33,35044.25,79384.55,337.05
26/06/2018,62921,8060.63,5359.01,13824.85,12234.34,35052.88,79165.28,336.37
27/06/2018,62903.2,7948.28,5312.89,13945.02,12348.61,34990.11,77725.85,335.8
28/06/2018,63225.85,8019.4,5346.44,13810.05,12177.23,34989.72,78145.75,331.88
29/06/2018,63015.41,8029.89,5350.83,13935.39,12306,35050.37,79425.71,333.44
3/07/2018,63173.83,8000.83,5340.93,13917.71,12349.14,34234.84,78302.3,326.42
5/07/2018,63227.88,8101.04,5388.28,14050.03,12464.29,33859.98,77661.46,324.51
6/07/2018,63805.39,8222.3,5434.36,14074.77,12496.17,34238.93,78029.42,326.16
9/07/2018,63945.26,8300.74,5483.89,14133.26,12543.89,34653.86,79349.72,328.49
10/07/2018,63663.58,8308.26,5503.05,14228.16,12609.85,34881.26,79332.42,329.59
11/07/2018,63231.25,8264.21,5464.01,14017.58,12417.13,34465.33,78307.51,327.63
12/07/2018,63767.43,8403.7,5512.36,14153.65,12492.97,34867.23,78775.32,327.61
13/07/2018,63768.3,8414.61,5518.33,14214.67,12540.73,35510.57,78898.72,332.33
17/07/2018,63109.59,8446.64,5534.91,14197.22,12661.54,35667.73,77947.91,330.36
18/07/2018,63531.47,8430.93,5546.86,14262.4,12765.94,35819.89,77770.15,329.9
19/07/2018,63710.41,8387.85,5525.51,14182.9,12686.29,35773.52,77475.42,329.27
20/07/2018,63945.92,8385.42,5520.5,14133.82,12561.42,35668.55,78066.27,330.43
23/07/2018,63352.88,8410,5530.66,14081.27,12548.57,35195.72,78153.79,327.78
24/07/2018,63743.52,8449.44,5557.37,14227.73,12689.39,35374.06,79278,328.81
25/07/2018,63558.41,8566.19,5607.99,14207.36,12579.33,35537.13,79992.52,328.11
26/07/2018,63526.38,8443.17,5590.99,14349.09,12809.23,35494.1,79605.93,330.45
27/07/2018,64093.33,8324.55,5554.31,14430.82,12860.4,35694.19,79679.1,331.38
30/07/2018,63871.2,8206.87,5522.81,14377.05,12798.2,35430.31,79482.28,330.83
31/07/2018,63889.6,8251.51,5549.96,14429.61,12805.5,35444.27,79067.02,331.01
1/08/2018,63843.98,8298.18,5544.19,14395.76,12737.05,35747.55,78396.86,332.79
2/08/2018,63489.4,8411.46,5572.08,14297.87,12546.33,35379.54,76664.69,327.06
3/08/2018,63427.49,8438.09,5598.71,14344.99,12615.76,35399.42,76558.91,329.36
6/08/2018,63816.13,8489.23,5619.05,14340.27,12598.21,35371.35,76955.15,328.95
7/08/2018,63622.39,8516.32,5634.98,14455.83,12648.19,35615.6,78142.73,331.11
8/08/2018,63770.84,8524.67,5633.67,14405,12633.54,35586.64,78447.74,331.12
9/08/2018,64093.87,8521.77,5627,14405.9,12676.11,35514.77,79134.21,331.37
10/08/2018,63899.46,8458.38,5588.66,14176.63,12424.35,35042.81,78468.44,327.17
13/08/2018,63632.59,8450.33,5566.36,14170.47,12358.74,34350.3,77278.81,322.95
14/08/2018,64142.81,8502.97,5602.41,14147.13,12358.87,35133.96,76770.84,324.32
16/08/2018,64618.91,8424.66,5606.56,14004.72,12237.17,34876.16,75051.52,321.16
17/08/2018,64730.96,8428.85,5625.66,13994.03,12210.55,34999.28,75374.15,321.53
20/08/2018,64845.89,8421.94,5639.53,14085.56,12331.3,34887.1,76439.42,321.57
21/08/2018,64251.77,8451.54,5651.39,14161.36,12384.49,34919.68,76905.7,325.27
22/08/2018,64094.14,8483.3,5649.31,14192.81,12385.7,35144.13,77404.53,326.46
23/08/2018,63912.78,8471.06,5640.1,14189.46,12365.58,35219.99,77024.5,327.9
24/08/2018,63944.92,8552.83,5675.12,14223.94,12394.52,35520.08,76705.08,329.29
27/08/2018,64181.7,8637.07,5719.3,14345.97,12538.31,35831.04,78374.53,330.73
28/08/2018,64577.34,8649.77,5720.89,14361.38,12527.42,35852.77,78597.3,331.16
29/08/2018,65109,8752.75,5754,14404.17,12561.68,35928.98,78776.98,332.08
30/08/2018,65109.79,8733.35,5729.45,14343.24,12494.24,35962.44,78174.42,332.08
31/08/2018,64795.65,8746.93,5730.8,14156.8,12364.06,35955.6,77409.73,334.33
4/09/2018,64551.8,8711.01,5721.86,13988.82,12210.21,35691.03,77727.64,332.92
5/09/2018,63934.43,8597.8,5705.86,13772.85,12040.46,35508.51,75711.39,328.64
6/09/2018,63339.73,8519.01,5686.7,13729.96,11955.25,35362.44,75042.14,327.88
7/09/2018,63188.29,8492.83,5674.58,13751.91,11959.63,35078,75040.95,326.3
10/09/2018,63177.68,8512.74,5685.34,13797.5,11986.34,35181.83,74071.62,327.24
11/09/2018,63601.27,8582.05,5706.99,13834.57,11970.27,35640.37,73550.86,325.86
12/09/2018,63581.24,8559.49,5709.08,13961.16,12032.3,35545.89,73356.08,325.74
13/09/2018,63145.54,8644.68,5740.75,13950.65,12055.55,35886.67,75238.83,325.82
14/09/2018,63522.77,8626.17,5743.19,14014.67,12124.33,36316.51,75996.16,331.25
18/09/2018,63488.86,8568.65,5742.18,14044.44,12157.67,36828.94,75471.29,329.92
19/09/2018,63783.14,8563.99,5749.39,14122.86,12219.02,37225.18,76370.52,330.52
20/09/2018,63577.82,8653.98,5794.72,14274.34,12326.48,37228.97,76566.42,333.19
21/09/2018,63839.59,8610.58,5792.72,14385.83,12430.88,37535.61,77902.79,335.16
27/09/2018,63707.5,8723.74,5763.22,14526.33,12435.59,37661.84,77242.79,337.47
28/09/2018,63979.04,8721.54,5763.42,14403.33,12246.73,38173.51,77445.8,335.15
2/10/2018,63141.27,8723.13,5782.37,14336.21,12287.58,38411.82,75600.46,330.71
4/10/2018,63661.72,8566.55,5740.56,14186.63,12244.14,37944.93,74199.96,325.41
5/10/2018,63756.43,8462.48,5708.9,14051.65,12111.9,37641.22,74059.04,324.85
10/10/2018,62357.93,8057.13,5512.94,13658.16,11712.5,37201.75,73001.36,321.02
11/10/2018,60650.78,7965.09,5399.54,13396.22,11539.35,35753.34,70504.44,306.86
12/10/2018,60774.17,8186.04,5476.83,13368.94,11523.81,35917.62,71997.67,311.57
15/10/2018,60170.67,8084.78,5444.61,13366.57,11614.16,35247.59,71011.39,309.14
16/10/2018,60508.59,8322.4,5561.8,13571.13,11776.55,35687.47,71059.4,308.82
18/10/2018,61256.28,8139.01,5481.13,13423.55,11589.21,35859.85,71037.89,309.46
19/10/2018,61226.16,8128.88,5479.3,13339.25,11553.83,35660.31,71336.07,310.74
22/10/2018,60869.95,8167.75,5455.88,13257.02,11524.34,35791.26,72987.51,311.6
23/10/2018,60232.37,8142.08,5426.08,13032.4,11274.28,34835.28,70736.48,303.95
24/10/2018,60093.21,7765.19,5258.61,12994.1,11191.63,34962.52,70466.42,302.63
25/10/2018,58392.59,8025.09,5356.54,13201.89,11307.12,33660.87,69753.87,297.46
26/10/2018,58405.07,7837.53,5263.74,13031.54,11200.62,33528.2,68981.31,292.97
29/10/2018,59054.52,7679.12,5229.28,13089.23,11335.48,33473.71,69254.92,290.18
30/10/2018,59847.81,7789.92,5311.67,13060.83,11287.39,33983.42,68622.69,292.72
31/10/2018,60107.66,7969.75,5369.49,13362.28,11447.51,34722.2,69722.85,294.44
1/11/2018,60215.8,8086.52,5426.33,13342.2,11468.54,34355.3,70940.67,293.66
2/11/2018,60302.51,7967.69,5392.53,13385.1,11518.99,35236.17,73928.21,304.39
5/11/2018,59982.27,7935.48,5422.88,13383.15,11494.96,34690.38,72387.59,301.61
6/11/2018,60570.29,7996.06,5457.25,13318.66,11484.34,35084.55,72908.35,303.3
7/11/2018,60795.92,8241.23,5573.06,13483.35,11579.1,34986.41,72982.95,302.05
8/11/2018,61223.32,8194.75,5562,13466.31,11527.32,35621.89,73206.33,303.9
9/11/2018,61161.55,8058.21,5511.79,13401.48,11529.16,35247.15,71459.62,303.03
12/11/2018,61481.81,7817.75,5403.19,13276.43,11325.44,35278.25,71585.13,303.3
13/11/2018,60497.81,7819.82,5395.37,13388.63,11472.22,34550.57,72031.08,301.21
14/11/2018,59445.77,7753.99,5355.94,13302.04,11412.53,34607.54,71644.46,300.29
15/11/2018,59479.45,7893.82,5414.43,13209.58,11353.67,34539.64,72898.12,303.26
16/11/2018,59424.25,7867.02,5426.86,13187.47,11341,34344.35,73122.08,303.38
19/11/2018,59045.31,7610.41,5336.7,13083.77,11244.54,34567.43,73648.39,304.12
20/11/2018,58818.47,7477.88,5240.23,12924.85,11066.41,34192.48,72163.65,301.07
21/11/2018,58517.59,7534.12,5256.61,13057.66,11244.17,34072.74,72529.86,299.61
26/11/2018,58822.27,7651.83,5304.17,13108.78,11354.72,34555.07,73680.07,301.3
27/11/2018,59410.46,7677.84,5321.52,13077.74,11309.11,34777.49,73580.39,303.86
28/11/2018,59377.92,7921.38,5444.12,13081.17,11298.88,35133.34,74560.09,305.39
29/11/2018,59726.53,7897.72,5433.49,13141.56,11298.23,35268.92,73913.09,306.18
30/11/2018,58779.99,7962.59,5478.91,13135.45,11257.24,35411.41,74068.82,303.04
3/12/2018,59858.73,8092.21,5538.86,13266.87,11465.46,35765.82,75965.86,308.43
4/12/2018,59263.59,7786.53,5359.91,13172.12,11335.32,34912.33,76184.96,305.2
6/12/2018,58690.86,7838.72,5353.43,12561.96,10810.98,34065.62,73100.58,298.38
7/12/2018,58938.8,7580.16,5229.44,12647.8,10788.09,34346.14,72841.73,299.61
10/12/2018,57600.65,7659.79,5238.7,12461.9,10622.07,33618.65,71971.51,296.34
11/12/2018,57845.6,7684.42,5237.1,12629.59,10780.51,33505.4,72025.4,295.6
12/12/2018,58650.41,7752.88,5265.53,12900.91,10929.43,34225.84,73185.36,299.82
13/12/2018,58738.22,7758.65,5265.46,12867.99,10924.7,34564,74128.96,300.87
14/12/2018,58119.53,7560.31,5165.6,12754.41,10865.77,33864.74,72928.45,296.56
17/12/2018,58703.6,7392.28,5058.58,12613.39,10772.2,34073.95,72909.41,297.43
18/12/2018,57989.77,7443.04,5059.34,12512.36,10740.89,33453.8,72144.42,296.15
19/12/2018,57897.71,7272.72,4981.92,12573.88,10766.21,33251.75,72287.34,298.53
20/12/2018,57121.95,7158.32,4903.46,12350.18,10611.1,32308.54,71611.4,295.74
21/12/2018,56725.8,6932.86,4802.51,12355.24,10633.82,31949.86,71974.42,296.02
27/12/2018,58070.37,7210.4,4946.94,12103.19,10381.51,31869.62,71207.13,295.87
28/12/2018,58792.5,7207.39,4941.61,12314.07,10558.96,31769.86,71277.9,297.47
4/01/2019,58428.9,7367.61,5035.45,12467.71,10767.69,31051.11,71618.37,292.83
7/01/2019,59092.63,7442.84,5070.76,12420.49,10747.81,31808.28,72204.37,297.01
8/01/2019,59500.75,7515.79,5120.04,12562.88,10803.98,32070.3,72315.45,294.83
9/01/2019,60081.46,7571.95,5142.66,12668.95,10893.32,32424.3,73955.6,301.59
10/01/2019,60258.03,7595.18,5165.89,12648.1,10921.59,32006.42,74120.79,301.53
11/01/2019,60042.94,7572.75,5165.15,12584.12,10887.46,32317.38,74528.38,303.32
15/01/2019,60458.65,7651.04,5193.78,12599.98,10891.79,32627.84,74984.01,306.5
16/01/2019,60672.79,7649.8,5205.45,12664.65,10931.24,32449.2,75184.7,307.98
17/01/2019,60829.23,7707.04,5245.48,12621.55,10918.62,32384.95,74775.34,308.72
18/01/2019,61136.38,7782.92,5314.78,12836.28,11205.54,32803.69,75712.09,310.99
22/01/2019,60920.04,7624.85,5239.75,12761.51,11090.11,32735.18,75473.51,309.67
23/01/2019,60763.39,7638.56,5251.29,12742.68,11071.54,32688.85,75481.2,310.99
24/01/2019,60991.83,7688.79,5258.69,12825.82,11130.18,32658.55,75796.41,314.1
25/01/2019,61406.85,7786.1,5303.51,12967.62,11281.79,32974.32,77049.04,319.85
29/01/2019,61079.94,7608.77,5254.31,12973.82,11218.83,32804.12,76944.22,321.36
30/01/2019,61210.41,7810.56,5336.6,13099.41,11181.66,32632.52,77254.89,325.47
31/01/2019,60981.04,7924.35,5383.63,13146.7,11173.1,32976.92,78112.93,324.64
1/02/2019,60962.08,7888.42,5389.19,13216.58,11180.66,33000.51,78080.13,324.53
8/02/2019,63132.43,7937.29,5395.12,13064.85,10906.78,32277.86,78123.67,319.65
12/02/2019,63223.34,8053.99,5468.98,13314.25,11126.08,33120.86,78752.68,322.15
13/02/2019,63222.73,8055.37,5485.97,13361.42,11167.22,33565.77,79664.74,323.6
14/02/2019,63181.16,8064.5,5473.33,13330.5,11089.79,33558.2,79481.54,327.81
15/02/2019,63251.19,8102.17,5533.27,13569.23,11299.8,33178.67,77996.55,322.47
19/02/2019,63694.14,8115.3,5541.98,13588.55,11309.21,33816.86,78911.47,323.53
20/02/2019,63619.83,8114.15,5552.9,13682.3,11401.97,34021.39,79710.78,327.49
21/02/2019,64073.07,8082.93,5533.8,13682.73,11423.28,34073.36,80220.34,327.5
22/02/2019,64417.45,8146.65,5569.45,13734.7,11457.7,34011.89,80742.58,327.87
25/02/2019,64630.65,8175.21,5577.09,13776.83,11505.39,34174.95,81143.27,328.17
26/02/2019,64112.65,8184.16,5572.74,13794.92,11540.79,34074,80618.62,326.91
27/02/2019,64389.78,8177.37,5570.57,13759.73,11487.33,34244.17,80577.64,327.9
28/02/2019,64627.01,8156.98,5556.49,13799.69,11515.64,33971.97,80229.49,322.27
4/03/2019,65196.29,8218.25,5573.53,13920.93,11592.66,34665.98,81167.7,320.81
5/03/2019,65028.77,8225.09,5567.4,13949.76,11620.74,34513.86,81173.32,318.47
6/03/2019,65530.78,8174.99,5531.34,13926.83,11587.63,34308.19,81386.34,317.79
7/03/2019,65901.51,8077.58,5487.56,13871.81,11517.8,34084.52,80662.8,316.68
8/03/2019,65274.96,8064.71,5476.39,13775.18,11457.84,33400.72,79137.26,312.1
11/03/2019,65028.81,8235.22,5556.77,13866.66,11543.48,33558.83,79907.88,312.35
12/03/2019,64976.44,8278.06,5573.44,13877.95,11524.17,34160.27,81122.06,315.38
13/03/2019,64857.56,8342.08,5612.56,13973.08,11572.41,33821.19,80807.48,313.42
14/03/2019,65054.66,8327.15,5609.59,14087.37,11587.47,33816.07,80930.73,314.15
15/03/2019,65009.73,8400.88,5637.77,14233.63,11685.69,34076.33,81382.01,317.82
18/03/2019,65172.37,8423.06,5658.73,14254.44,11657.06,34288.64,82502.22,317.95
19/03/2019,65113.92,8449.68,5658.15,14307.95,11788.41,34260.6,82662.89,317.83
20/03/2019,64913.93,8486.99,5641.74,14193.91,11603.89,34327.43,82255.24,317.95
22/03/2019,65234.92,8424.09,5595.5,13896.62,11364.17,34356.99,81672.84,321.5
25/03/2019,64516.42,8413.63,5591.23,13872.16,11346.65,33324.04,80025.68,315.24
26/03/2019,64562.53,8452.95,5631.39,13995.4,11419.48,34040.94,80147.88,315.42
27/03/2019,64628.02,8403.85,5605.32,13988.02,11419.04,34235.27,80600.55,315.07
28/03/2019,65052.26,8418.62,5626.32,13975.64,11428.16,33682.94,80732.31,313.43
29/03/2019,65101.27,8485.66,5664.46,14118.08,11526.04,33960.15,81507.07,314.95
